title,singers,album,download_link,directors,year,film,cast
Sab Khairiyat Hai,['Shankar Mahadevan'],13B,https://www.youtube.com/watch?v=ti0BadEvWmg,['Shankar - Ehsaan - Loy'],2009,13B,
Bade Se Shehar Mein,['Karthik'],13B,http://www.youtube.com/watch?v=3MzBrwaRK0I,['Shankar - Ehsaan - Loy'],2009,13B,
Aasma Odh Kar,"['Shankar Mahadevan', 'K.S. Chitra']",13B,https://www.youtube.com/watch?v=zorO0UVH7ZY,['Shankar - Ehsaan - Loy'],2009,13B,
Oh Sexy Mama,"['Baba Sehgal', 'Anushka Manchanda', 'Loy Mendonsa']",13B,http://www.youtube.com/watch?v=Z6eOX7VRpa0,['Shankar - Ehsaan - Loy'],2009,13B,
Aal Izz Well,"['Sonu Nigam', 'Shaan', 'Swanand Kirkire']",3 Idiots,https://www.youtube.com/watch?v=S-LltgOtFSg,['Shantanu Moitra'],2009,3 Idiots,
Zoobi Doobi,"['Sonu Nigam', 'Shreya Ghoshal']",3 Idiots,https://www.youtube.com/watch?v=yJ1uLVgv3Vg,['Shantanu Moitra'],2009,3 Idiots,
Behti Hawa Sa Tha Woh,"['Shaan', 'Shantanu Moitra']",3 Idiots,http://www.youtube.com/watch?v=XdbjtoMkerU&feature=plcp,['Shantanu Moitra'],2009,3 Idiots,
Give Me Some Sunshine,"['Suraj Jagan', 'Sharman Joshi']",3 Idiots,http://www.youtube.com/watch?v=HZu3bXWhnX4&feature=plcp,['Shantanu Moitra'],2009,3 Idiots,
Jaane Nahin Denge Tujhe,['Sonu Nigam'],3 Idiots,http://www.youtube.com/watch?v=_svykdZMvJA&feature=plcp,['Shantanu Moitra'],2009,3 Idiots,
Zoobi Doobi (Remix),"['Sonu Nigam', 'Shreya Ghoshal']",3 Idiots,http://www.youtube.com/watch?v=OaYO86BfsI4&feature=plcp,['Shantanu Moitra'],2009,3 Idiots,
Aal Izz Well (Remix),"['Sonu Nigam', 'Shaan', 'Swanand Kirkire']",3 Idiots,http://www.youtube.com/watch?v=1HpHV8sXdgY&feature=plcp,['Shantanu Moitra'],2009,3 Idiots,
Nazaara Hai,['Vishal Dadlani'],8x10 Tasveer,http://www.youtube.com/watch?v=_WILESjIqf4,['Salim - Sulaiman'],2009,8x10 Tasveer,
Haafiz Khuda,"['Mohit Chauhan', 'Tulsi Kumar']",8x10 Tasveer,http://www.youtube.com/watch?v=hgKKbkTG7AQ,['Salim - Sulaiman'],2009,8x10 Tasveer,
Aaja Maahi,"['Neeraj Shridhar', 'Tulsi Kumar']",8x10 Tasveer,http://www.youtube.com/watch?v=aiq9UYJg-lU,['Neeraj Shridhar'],2009,8x10 Tasveer,
I Got The Picture,['Bohemia'],8x10 Tasveer,https://www.youtube.com/watch?v=EnEepNZmL9k,['Bohemia'],2009,8x10 Tasveer,
Kuchh Iss Tarah,"['Mohit Chauhan', 'Tulsi Kumar']",8x10 Tasveer,https://www.youtube.com/watch?v=elJOAT8Ywow,['Salim - Sulaiman'],2009,8x10 Tasveer,
Haafiz Khuda (Remix),"['Mohit Chauhan', 'Tulsi Kumar']",8x10 Tasveer,https://www.youtube.com/watch?v=DTZ0QXdWG5A,['Salim - Sulaiman'],2009,8x10 Tasveer,
Nazaara Hai (Remix),['Vishal Dadlani'],8x10 Tasveer,https://www.youtube.com/watch?v=-6iZO4WJhCI,['Salim - Sulaiman'],2009,8x10 Tasveer,
Aaja Maahi (Remix),"['Neeraj Shridhar', 'Tulsi Kumar']",8x10 Tasveer,http://www.youtube.com/watch?v=CRSHDP5-o_0,['Neeraj Shridhar'],2009,8x10 Tasveer,
I Got The Picture (Remix),['Bohemia'],8x10 Tasveer,https://www.youtube.com/watch?v=hQZtXR8MF98,['Bohemia'],2009,8x10 Tasveer,
Kuchh Iss Tarah (Remix),"['Mohit Chauhan', 'Tulsi Kumar']",8x10 Tasveer,https://www.youtube.com/watch?v=_7BPFozCH2w,['Salim - Sulaiman'],2009,8x10 Tasveer,
Tasveer Teri (Mit Jayenge Hum),['Javed Ali'],8x10 Tasveer,https://www.youtube.com/watch?v=0hbTUGW-UJs,['Ismail Darbar'],2009,8x10 Tasveer,
Delhi Destiny,"['Raja Hasan', 'Ashu']",99,https://www.youtube.com/watch?v=6u5WdavH0nU,['Ashu'],2009,99,
Soch Mat Dobara,"['Bonnie Chakraborty', ""Earl Edgar D'Souza""]",99,https://www.youtube.com/watch?v=STipJJWKBAU,['Roshan Machado'],2009,99,
What's Up,"['KK', 'Sunidhi Chauhan']",99,https://www.youtube.com/watch?v=F05Fk2GMYjw,['Shamir Tandon'],2009,99,
Punjabi Size,"['Labh Janjua', 'KK', 'Roopa - I', 'Kalyani - III']",99,https://www.youtube.com/watch?v=AW-gSw80gUA,['Mahesh Shankar'],2009,99,
Kal Ki Tarah,"['Shaan', 'Sunidhi Chauhan']",99,https://www.youtube.com/watch?v=GjuC-u_sIJg,['Ashu'],2009,99,
99 Theme,['Bonnie Chakraborty'],99,https://www.youtube.com/watch?v=ZNvN8IT_I40,['Roshan Machado'],2009,99,
What's Up (Grooving Blues Mix),"['KK', 'Sunidhi Chauhan']",99,https://www.youtube.com/watch?v=j7nPbOx2pPo,['Shamir Tandon'],2009,99,
Delhi Destiny (Spice Mix),"['Raja Hasan', 'Ashu']",99,https://www.youtube.com/watch?v=85CSQsjYc-k,['Ashu'],2009,99,
What's Up (Dance Mix),"['Raaj Gopal Iyer', 'Sunidhi Chauhan']",99,https://www.youtube.com/watch?v=85CSQsjYc-k,['Shamir Tandon'],2009,99,
Gazab,"['Sunidhi Chauhan', 'Shaan']",Aa Dekhen Zara,http://www.youtube.com/watch?v=7fcUYPGl6A8,['Pritam'],2009,Aa Dekhen Zara,
Rock The Party,"['Sunidhi Chauhan', 'Shweta Vijay']",Aa Dekhen Zara,http://www.youtube.com/watch?v=T0hX2zgo360,['Gourav Dasgupta'],2009,Aa Dekhen Zara,
Paisa Hai Power,['Dibyendu Mukherjee'],Aa Dekhen Zara,http://www.youtube.com/watch?v=rK-OdPY6IeQ,['Gourav Dasgupta'],2009,Aa Dekhen Zara,
Aa Dekhen Zara (Lounge Mix),"['Dibyendu Mukherjee', 'Shweta Vijay']",Aa Dekhen Zara,https://www.youtube.com/watch?v=lVr9mgf23gQ,"['Gourav Dasgupta', 'R.D. Burman']",2009,Aa Dekhen Zara,
Mohabbat Aap Se,['Akriti Kakar'],Aa Dekhen Zara,http://www.youtube.com/watch?v=40c4M0RwbVc,['Pritam'],2009,Aa Dekhen Zara,
Paisa Hai Power (Club Mix),['Dibyendu Mukherjee'],Aa Dekhen Zara,https://www.youtube.com/watch?v=GPTGIh0fwKE,['Gourav Dasgupta'],2009,Aa Dekhen Zara,
Gazab (Club Mix),"['Sunidhi Chauhan', 'Shaan']",Aa Dekhen Zara,https://www.youtube.com/watch?v=yrPALAwaBxI,['Pritam'],2009,Aa Dekhen Zara,
Aa Dekhen Zara,"['Neil Nitin Mukesh', 'Sunaina - I']",Aa Dekhen Zara,http://www.youtube.com/watch?v=fpNx-Osf_9Q,"['Gourav Dasgupta', 'R.D. Burman']",2009,Aa Dekhen Zara,
Mahiya,"['Shilpa Rao', 'Clinton Cerejo']",Aagey Se Right,https://www.youtube.com/watch?v=exozccTK2ws,['Amartya Rahut'],2009,Aagey Se Right,
More Piya - Tapori,"['Deepikkaa Bhattacharya', 'Kay Kay Menon']",Aagey Se Right,https://www.youtube.com/watch?v=40JgJtuf93M,['Amartya Rahut'],2009,Aagey Se Right,
More Piya - Bar,['Deepikkaa Bhattacharya'],Aagey Se Right,https://www.youtube.com/watch?v=I0GhuR8k-D0,['Amartya Rahut'],2009,Aagey Se Right,
Jabse Hum Hue Jawaan,"['Sumedha Karmahe', 'Sumitra Iyer', 'Sharon Aamir']",Aamras,https://www.youtube.com/watch?v=toAtCQ06oUw,['Shamir Tandon'],2009,Aamras,
We Are The Teen Queens - Club Mix,"['Anushka Manchanda', 'Pratichee Mohapatra', 'Mahua Kamat']",Aamras,https://www.youtube.com/watch?v=7y3cBuy-BHU,['Shamir Tandon'],2009,Aamras,
Chhote Chhote Pairon Ke Tale,['Kailash Kher'],Aamras,https://www.youtube.com/watch?v=GzzUQ__tr40,['Tabun Sutradhar'],2009,Aamras,
Sambhali Hai Kitne Dino Se,['Shweta Pandit'],Aamras,https://www.youtube.com/watch?v=frypxoB0nNc,['Tabun Sutradhar'],2009,Aamras,
Koi Kuch Bhi Soche,['Vasundhara Das'],Aamras,https://www.youtube.com/watch?v=39PqUwl7J_s,['Tabun Sutradhar'],2009,Aamras,
Tere Bin Soona Soona Hai Jahan,['Jojo'],Aamras,https://www.youtube.com/watch?v=SfKI7JnkRGI,['Tabun Sutradhar'],2009,Aamras,
Sabse Peeche Hum Khade,['Kunal Ganjawala'],Aao Wish Karein,https://www.youtube.com/watch?v=fPcHo_obOIM,['Ankur Tewari'],2009,Aao Wish Karein,
Reh Jaane Do,['Xulfi'],Aao Wish Karein,http://www.youtube.com/watch?v=p0lXb0n2eaQ&feature=plcp,['Xulfi'],2009,Aao Wish Karein,
Tum Mere Ho,"['Kunal Ganjawala', 'Sunidhi Chauhan']",Aao Wish Karein,https://www.youtube.com/watch?v=Tn2SVaGTAh4,"['Ankur Tewari', 'Mikey McCleary']",2009,Aao Wish Karein,
Kuch Aisa,['Xulfi'],Aao Wish Karein,https://www.youtube.com/watch?v=LbNOC9F2N80,['Xulfi'],2009,Aao Wish Karein,
Sabse Peeche Kyon Khade,['Sunidhi Chauhan'],Aao Wish Karein,https://www.youtube.com/watch?v=H18ymXODIiM,"['Ankur Tewari', 'Mikey McCleary']",2009,Aao Wish Karein,
Sab Yahaan Hain,['Kunal Ganjawala'],Aao Wish Karein,http://www.youtube.com/watch?v=F3HIIHFNvV4&feature=plcp,"['Ankur Tewari', 'Mikey McCleary']",2009,Aao Wish Karein,
Sabse Peeche Hum Khade - Reprise,['Kunal Ganjawala'],Aao Wish Karein,https://www.youtube.com/watch?v=pfP6bRcSCUk,"['Ankur Tewari', 'Mikey McCleary']",2009,Aao Wish Karein,
Kuch Aisa - Sad Version,['Xulfi'],Aao Wish Karein,https://www.youtube.com/watch?v=tSQUtJFuNdI,['Xulfi'],2009,Aao Wish Karein,
Yeh Pal,['Call - The Band'],Aasma,https://www.youtube.com/watch?v=SL6xPXjMHsw,['Call - The Band'],2009,Aasma,
Man Bawra,['Rahat Fateh Ali Khan'],Aasma,https://www.youtube.com/watch?v=0zxWrH5ig2I,['Afsar - Sajid'],2009,Aasma,
Aasma - Club Mix,['Shaan'],Aasma,https://www.youtube.com/watch?v=GgWrGZEYD_0,['Afsar - Sajid'],2009,Aasma,
Aasma - Sad Version,"['Kailash Kher', 'Mahalakshmi Iyer']",Aasma,http://www.youtube.com/watch?v=q1cQsNGvtsg,['Afsar - Sajid'],2009,Aasma,
Khatti Meethi,['Manasi Scott'],Acid Factory,https://www.youtube.com/watch?v=6xQVhzZBk3U,['Manasi Scott'],2009,Acid Factory,
Raftaar,"['Anchal Datta Bhatia', 'Raaj Gopal Iyer']",Acid Factory,https://www.youtube.com/watch?v=RtTb0gNx4tI,['Shamir Tandon'],2009,Acid Factory,
Yeh Jism - Club Mix,"['Anchal Datta Bhatia', 'Raaj Gopal Iyer']",Acid Factory,http://www.youtube.com/watch?v=au0C-osPd2k,['Bappa Lahiri'],2009,Acid Factory,
Nothing Else Will Do,['Ranjit Barot'],Acid Factory,https://www.youtube.com/watch?v=BE4_IkQvPfk,['Ranjit Barot'],2009,Acid Factory,
Jai Shiv Bum Shambu,"['Runa Rizvi', 'Boony']",Agyaat,http://www.youtube.com/watch?v=4uwzx2dE-VI,['Imran - Vikram'],2009,Agyaat,
Kiss You Day And Night,"['Bhaven', 'Banjyotsna']",Agyaat,http://www.youtube.com/watch?v=nHk1LC_pxLs,['Imran - Vikram'],2009,Agyaat,
Khoobsurat,"['Vickeey B Joshi', 'Shweta Pandit']",Agyaat,http://www.youtube.com/watch?v=yUaNRaDmEso,['Bapi - Tutul'],2009,Agyaat,
Sun Sakte Ho,"['Bapi', 'Keka Ghoshal']",Agyaat,http://www.youtube.com/watch?v=CvaNmm_T5Yo,['Bapi - Tutul'],2009,Agyaat,
Jungle Jungle,"['Jankee Parekh', 'Imran']",Agyaat,http://www.youtube.com/watch?v=jSNUd1vEWM8,['Imran - Vikram'],2009,Agyaat,
Naa Koi,['Shweta Pandit'],Agyaat,http://www.youtube.com/watch?v=tvUpjsH_cME,['Bapi - Tutul'],2009,Agyaat,
Kiss Mix,"['Bhaven', 'Banjyotsna', ""Earl Edgar D'Souza"", 'Jankee Parekh']",Agyaat,http://www.youtube.com/watch?v=exhKjPjcauc,['Imran - Vikram'],2009,Agyaat,
Main Tera Dhadkan Teri,"['Sunidhi Chauhan', 'Hard Kaur', 'KK']",Ajab Prem Ki Ghazab Kahani,https://www.youtube.com/watch?v=Qj_-apsnWVY,['Pritam'],2009,Ajab Prem Ki Ghazab Kahani,
Tu Jaane Naa,['Atif Aslam'],Ajab Prem Ki Ghazab Kahani,https://www.youtube.com/watch?v=53l2DkivxJs,['Pritam'],2009,Ajab Prem Ki Ghazab Kahani,
Oh By God,"['Mika Singh', 'Sunidhi Chauhan']",Ajab Prem Ki Ghazab Kahani,http://www.youtube.com/watch?v=91luOsGNeYM,['Pritam'],2009,Ajab Prem Ki Ghazab Kahani,
Tera Hone Laga Hoon,"['Atif Aslam', 'Alisha Chinai']",Ajab Prem Ki Ghazab Kahani,https://www.youtube.com/watch?v=useznoRhrWU,['Pritam'],2009,Ajab Prem Ki Ghazab Kahani,
Prem Ki Naiyya,"['Neeraj Shridhar', ""Suzanne D'Mello""]",Ajab Prem Ki Ghazab Kahani,https://www.youtube.com/watch?v=J3Ux5TQ4oUc,['Pritam'],2009,Ajab Prem Ki Ghazab Kahani,
Aa Jao Meri Tamanna,"['Javed Ali', 'Jojo']",Ajab Prem Ki Ghazab Kahani,https://www.youtube.com/watch?v=-enLn27qpSg,['Pritam'],2009,Ajab Prem Ki Ghazab Kahani,
Follow Me,['Hard Kaur'],Ajab Prem Ki Ghazab Kahani,http://www.youtube.com/watch?v=LRLGf-lSUmw&feature=plcp,['Pritam'],2009,Ajab Prem Ki Ghazab Kahani,
Tu Jaane Naa - Remix,['Atif Aslam'],Ajab Prem Ki Ghazab Kahani,http://www.youtube.com/watch?v=XafB9UrCQAM,['Pritam'],2009,Ajab Prem Ki Ghazab Kahani,
Prem Ki Naiyya - Remix,"['Neeraj Shridhar', ""Suzanne D'Mello""]",Ajab Prem Ki Ghazab Kahani,https://www.youtube.com/watch?v=qZQnR8FrmlY,['Pritam'],2009,Ajab Prem Ki Ghazab Kahani,
Tu Jaane Naa - Unplugged,"['Kailash Kher', 'Paresh Kamath', 'Naresh Kamath']",Ajab Prem Ki Ghazab Kahani,https://www.youtube.com/watch?v=uI8ET9RuPaA,['Pritam'],2009,Ajab Prem Ki Ghazab Kahani,
Genie Rap,"['Amitabh Bachchan', 'Anushka Manchanda']",Aladin,http://www.youtube.com/watch?v=LnYR6LrJlf8,['Vishal - Shekhar'],2009,Aladin,
Tak Dhina Dhin,"['Shaan', 'Shankar Mahadevan']",Aladin,http://www.youtube.com/watch?v=95FKrShPXW4,['Vishal - Shekhar'],2009,Aladin,
Ore Sawariya,"['Amitabh Bachchan', 'Sudesh Bhosle', 'Shaan', 'Shreya Ghoshal']",Aladin,http://www.youtube.com/watch?v=Gpe269HYFks&feature=plcp,['Vishal - Shekhar'],2009,Aladin,
You May Be,"['Vishal Dadlani', 'Shekhar Ravjiani']",Aladin,http://www.youtube.com/watch?v=eSuuEmAUbz8,['Vishal - Shekhar'],2009,Aladin,
Bachke O Bachke,"['Vishal Dadlani', 'Shankar Mahadevan', 'Shaan', 'Sunidhi Chauhan']",Aladin,http://www.youtube.com/watch?v=PTcjxNZugb8&feature=plcp,['Vishal - Shekhar'],2009,Aladin,
Giri Giri,['Sanjay Dutt'],Aladin,https://www.youtube.com/watch?v=qOXzfYKbIVM,['Vishal - Shekhar'],2009,Aladin,
Genie Rap (Remix),"['Amitabh Bachchan', 'Anushka Manchanda']",Aladin,https://www.youtube.com/watch?v=938CB9FAqH8,['Vishal - Shekhar'],2009,Aladin,
Ore Sawariya (Remix),"['Amitabh Bachchan', 'Sudesh Bhosle', 'Shaan', 'Shreya Ghoshal']",Aladin,https://www.youtube.com/watch?v=9B5vOG8ImNw,['Vishal - Shekhar'],2009,Aladin,
Dil Kare,"['Suraj Jagan', 'Rupam Islam']",All The Best,http://www.youtube.com/watch?v=dpnJgq95AT4,['Pritam'],2009,All The Best,
Haan Main Jitni Martaba,['Yashita'],All The Best,http://www.youtube.com/watch?v=ZrzhnVk9X5Q,['Pritam'],2009,All The Best,
All The Best,"['Soham Chakraborty', 'Antara Mitra', 'Rana - I']",All The Best,https://www.youtube.com/watch?v=BaPiyxl8lPk,['Pritam'],2009,All The Best,
Kyon,['Clinton Cerejo'],All The Best,http://www.youtube.com/watch?v=NI_haJvrnBY,['Pritam'],2009,All The Best,
You Are My Love,"['Neeraj Shridhar', 'Alisha Chinai']",All The Best,https://www.youtube.com/watch?v=E5kvIAorjlU,['Pritam'],2009,All The Best,
Haan Main Jitni Martaba (Remix),['Yashita'],All The Best,http://www.youtube.com/watch?v=n-0LYQnr6Bg,['Pritam'],2009,All The Best,
Dil Kare (Remix),"['Suraj Jagan', 'Rupam Islam']",All The Best,http://www.youtube.com/watch?v=qM_mtjzUv4U,['Pritam'],2009,All The Best,
Aloo Chat,"['RDB', 'Nindy Kaur', 'Smooth']",Aloo Chaat,https://www.youtube.com/watch?v=TNF7qxOmN9Y,['RDB'],2009,Aloo Chaat,
Dhadke Jiya,['Xulfi'],Aloo Chaat,https://www.youtube.com/watch?v=HvpRUNYvJik,['Xulfi'],2009,Aloo Chaat,
Aloo Chat,['Kailash Kher'],Aloo Chaat,https://www.youtube.com/watch?v=sfqNh4DJupE,['Vipin Mishra'],2009,Aloo Chaat,
Boliyaan,"['RDB', 'Nindy Kaur']",Aloo Chaat,https://www.youtube.com/watch?v=uAlIEeCkYYQ,['RDB'],2009,Aloo Chaat,
Life Is A Sizzling Aloo Chat,['Kunal Ganjawala'],Aloo Chaat,https://www.youtube.com/watch?v=7jsHEseRmEM,['Mehfuz Mahruf'],2009,Aloo Chaat,
Dhadke Jiya - Remix,['Xulfi'],Aloo Chaat,https://www.youtube.com/watch?v=U1nECzyVma0,['Xulfi'],2009,Aloo Chaat,
Boliyaan - 2nd Version,"['RDB', 'Nindy Kaur']",Aloo Chaat,https://www.youtube.com/watch?v=1-_7eP6_V6k,['RDB'],2009,Aloo Chaat,
Aloo Chat - Remix,['Kailash Kher'],Aloo Chaat,https://www.youtube.com/watch?v=gPXusDNPm50,['RDB'],2009,Aloo Chaat,
Ek Safar Hai Zindagi,['Hariharan'],Aseema,https://www.youtube.com/watch?v=oo7L2zkTSgU,['Shamir Tandon'],2009,Aseema,
Jeene Ki Aasha Jaagi Hai,['Hariharan'],Aseema,https://www.youtube.com/watch?v=Ken1AIPdUvU,['Shamir Tandon'],2009,Aseema,
Maula Yeh Bataa,['Anand Raj Anand'],Baabarr,http://www.youtube.com/watch?v=J8PM-q38IkI,['Anand Raj Anand'],2009,Baabarr,
Baje Raat Ke Barah,['Sunidhi Chauhan'],Baabarr,http://www.youtube.com/watch?v=wYZ-H7fccCQ,['Anand Raj Anand'],2009,Baabarr,
Nam Myoho Renge Kyoh,['Sunidhi Chauhan'],Bad Luck Govind,http://www.youtube.com/watch?v=X1iFKFuCAao,['Abu Malik'],2009,Bad Luck Govind,
Kismat Bole Toh,['Kunal Ganjawala'],Bad Luck Govind,http://www.youtube.com/watch?v=uddwl9u6STw,['Abu Malik'],2009,Bad Luck Govind,
Gorakh Dhanda,['Labh Janjua'],Bad Luck Govind,http://www.youtube.com/watch?v=rARu0xQx53c,['Abu Malik'],2009,Bad Luck Govind,
Kate Naahi Raat,['Ustad Sultan Khan'],Bhoomi,https://www.youtube.com/watch?v=SAWvlqsUzNM,['Ustad Sultan Khan'],2009,,
Marjaani,"['Sukhwinder Singh', 'Sunidhi Chauhan']",Billu,http://www.youtube.com/watch?v=RDIRaFGr19s&feature=plcp,['Pritam'],2009,Billu,
Love Mera Hit Hit,"['Neeraj Shridhar', 'Tulsi Kumar']",Billu,http://www.youtube.com/watch?v=zG1CLCBNhpo&feature=plcp,['Pritam'],2009,Billu,
You Get Me Rockin' And Reeling,['Neeraj Shridhar'],Billu,http://www.youtube.com/watch?v=X3EHmMbEJbM&feature=plcp,['Pritam'],2009,Billu,
Ae Aa O,"['Rana Mazumder', 'Suraj Jagan', 'KK']",Billu,http://www.youtube.com/watch?v=vFxcDHhuu5E&feature=plcp,['Pritam'],2009,Billu,
Jaoon Kahan,['Rahat Fateh Ali Khan'],Billu,http://www.youtube.com/watch?v=wRHM51m3hQQ&feature=plcp,['Pritam'],2009,Billu,
Billoo Bhayankar,"['Ajay Jhingran', 'Raghuvir Yadav', 'Kalpana Chauhan']",Billu,http://www.youtube.com/watch?v=iW5NuD8-0q8&feature=plcp,['Pritam'],2009,Billu,
Khudaya Khair,"['Soham Chakraborty', 'Akriti Kakar', 'Monali Thakur']",Billu,https://www.youtube.com/watch?v=Kt1tzMHYJ6M,['Pritam'],2009,Billu,
You Get Me Rockin' And Reeling (Video Edit),"['Neeraj Shridhar', 'Dominique Cerejo']",Billu,https://www.youtube.com/watch?v=j9a09ACluUw,['Pritam'],2009,Billu,
Love Mera Hit Hit - House Mix,"['Neeraj Shridhar', 'Tulsi Kumar']",Billu,https://www.youtube.com/watch?v=8TFdQjIXPq8,['Pritam'],2009,Billu,
Khudaya Khair - Reprise,['Abhijeet'],Billu,https://www.youtube.com/watch?v=2Z3OjNCtF8g,['Pritam'],2009,Billu,
You Get Me Rockin' And Reeling - Remix,['Neeraj Shridhar'],Billu,https://www.youtube.com/watch?v=KBOwQkGrqOk,['Pritam'],2009,Billu,
Ae Aa O - Remix,"['Rana Mazumder', 'Suraj Jagan', 'KK']",Billu,http://www.youtube.com/watch?v=9xiVBMVCGnw&feature=plcp,['Pritam'],2009,Billu,
Marjaani - Electro House,"['Sukhwinder Singh', 'Sunidhi Chauhan']",Billu,https://www.youtube.com/watch?v=Nh1Hj4DWoak,['Pritam'],2009,Billu,
Love Mera Hit Hit - Zero DB Mix,"['Neeraj Shridhar', 'Tulsi Kumar']",Billu,https://www.youtube.com/watch?v=dorNg2B03gA,['Pritam'],2009,Billu,
Chiggy Wiggy,"['Kylie Minogue', 'Sonu Nigam']",Blue,http://www.youtube.com/watch?v=l-So1dzhhLw&feature=plcp,['A.R. Rahman'],2009,Blue,
Aaj Dil Gustakh Hai,"['Sukhwinder Singh', 'Shreya Ghoshal']",Blue,http://www.youtube.com/watch?v=e0VbC27HO2s,['A.R. Rahman'],2009,Blue,
Fiqrana Hoke Hum Jiye,"['Vijay Prakash', 'Shreya Ghoshal']",Blue,http://www.youtube.com/watch?v=Rbx4OkRpttQ&feature=plcp,['A.R. Rahman'],2009,Blue,
Bhoola Tujhe Kaise Kahan,['Rashid Ali'],Blue,http://www.youtube.com/watch?v=UAiu6Wm2S38&feature=plcp,['A.R. Rahman'],2009,Blue,
Blue Theme,"['Blaaze', 'Raqueeb Alam', 'Sonu Kakkar', 'Jaspreet Singh']",Blue,https://www.youtube.com/watch?v=alR-jUwUYX4,['A.R. Rahman'],2009,Blue,
Rehnuma Hai Tera Samandar (Ho Fida Khatam Fana),"['Sonu Nigam', 'Shreya Ghoshal']",Blue,https://www.youtube.com/watch?v=RtchaltKzcw,['A.R. Rahman'],2009,Blue,
Yaar Mila Tha,"['Udit Narayan', 'Madhushree']",Blue,https://www.youtube.com/watch?v=ZLuRCh6faDc,['A.R. Rahman'],2009,Blue,
Tere Ishq Mein,['Sunidhi Chauhan'],Bolo Raam,https://www.youtube.com/watch?v=qdhj8H2qx6s,['Sachin Gupta'],2009,Bolo Raam,
Maa Tere Jaisa,['Sukhwinder Singh'],Bolo Raam,https://www.youtube.com/watch?v=dCdjMp43ThE,['Sachin Gupta'],2009,Bolo Raam,
Do Dil Hain Jawan,"['Soham Chakraborty', 'Monali Thakur']",Bolo Raam,https://www.youtube.com/watch?v=3zrBEW7RGUM,['Sachin Gupta'],2009,Bolo Raam,
Tere Ishq Mein - Remix,"['Sunidhi Chauhan', 'Mahinder Singh Mahi']",Bolo Raam,https://www.youtube.com/watch?v=2jJQ8tlXhtY,['Sachin Gupta'],2009,Bolo Raam,
Maa Tere Jaisa - Remix,['Sukhwinder Singh'],Bolo Raam,https://www.youtube.com/watch?v=g862xU1towY,['Sachin Gupta'],2009,Bolo Raam,
Chaandan Mein (Aaoji),['Kailash Kher'],Chaandan Mein,https://www.youtube.com/watch?v=BiY6kdBpLPQ,"['Kailash Kher', 'Naresh Kamath', 'Paresh Kamath']",2009,,
Aplam Chaplam,"['Sunidhi Chauhan', 'Joi Barua']",Chal Chala Chal,http://www.youtube.com/watch?v=A4KA4VwdmEI,['Anu Malik'],2009,Chal Chala Chal,
Nacho,"['Shaan', 'Anu Malik', 'Joi Barua']",Chal Chala Chal,https://www.youtube.com/watch?v=VZ2wEz2pW6Q,['Anu Malik'],2009,Chal Chala Chal,
Chanchal Hain Aankhen,"['Shaan', 'Sadhna Sargam']",Chal Chala Chal,https://www.youtube.com/watch?v=1KTBIsGlzWg,['Anu Malik'],2009,Chal Chala Chal,
Honey Bhi Hai Money Bhi Hai,"['Anand Raj Anand', 'Sneha Pant']",Chal Chala Chal,http://www.youtube.com/watch?v=x1PKpjkdmjI,['Anand Raj Anand'],2009,Chal Chala Chal,
Peepal Tale,"['Vinod Rathod', 'Ruprani Banerjee']",Chal Chala Chal,https://www.youtube.com/watch?v=rZ3oBj_5grc,['Sunil Jha'],2009,Chal Chala Chal,
Shehar Haay Khoob Kya Hai Yeh,"['Shaan', 'Shreya Ghoshal']",Chal Chalein,http://www.youtube.com/watch?v=zYXvkMuE7Hs,['Ilaiyaraaja'],2009,Chal Chalein,
Uff Arre Tu Mirch Hai Laal Laal Si,"['Shaan', 'Shreya Ghoshal']",Chal Chalein,http://www.youtube.com/watch?v=74_awaifBy0,['Ilaiyaraaja'],2009,Chal Chalein,
Tum Bhi Dhoondna Main Bhi Dhoondunga,['Hariharan'],Chal Chalein,http://www.youtube.com/watch?v=9kYdwlo9TvM,['Ilaiyaraaja'],2009,Chal Chalein,
Batla De Koyi,"['Shaan', 'Sunidhi Chauhan', 'Aditya Narayan']",Chal Chalein,http://www.youtube.com/watch?v=fx0WXFRIznc,['Ilaiyaraaja'],2009,Chal Chalein,
Chal Chal Chalke Aaj Chaand Ko Neeche Laayen,"['Kavita Krishnamurthy', 'Aditya Narayan']",Chal Chalein,http://www.youtube.com/watch?v=hSLMUjkjrbU,['Ilaiyaraaja'],2009,Chal Chalein,
Chalo Maikhane Chale,['Altaf Raja'],Chalo Maikhane Chale,https://www.youtube.com/watch?v=kVsw_9KGh_w,['Altaf Raja'],2009,,
Agar Sharab Na Hoti,['Altaf Raja'],Chalo Maikhane Chale,https://www.youtube.com/watch?v=FcjiggOyC24,['Altaf Raja'],2009,,
S.I.D.H.U.,['Kailash Kher'],Chandni Chowk To China,http://www.youtube.com/watch?v=c-gye4FlaUI&feature=plcp,['Kailash Kher - Naresh Kamath - Paresh Kamath'],2009,Chandni Chowk To China,
Chandni Chowk To China,"['Neeraj Shridhar', 'Anushka Manchanda', 'Shankar Mahadevan']",Chandni Chowk To China,http://www.youtube.com/watch?v=Jk10PSnPnLk,['Shankar - Ehsaan - Loy'],2009,Chandni Chowk To China,
India Se Aaya Tera Dost,"['Bappi Lahiri', 'Ravi Khanvilker']",Chandni Chowk To China,http://www.youtube.com/watch?v=2en_wkbnxvM&feature=plcp,"['Bappi Lahiri', 'Bappa Lahiri']",2009,Chandni Chowk To China,
Tere Naina Hans Diye,"['Shankar Mahadevan', 'Shreya Ghoshal']",Chandni Chowk To China,http://www.youtube.com/watch?v=UDLz16VJOdw&feature=plcp,['Shankar - Ehsaan - Loy'],2009,Chandni Chowk To China,
Chak Lain De,['Kailash Kher'],Chandni Chowk To China,http://www.youtube.com/watch?v=kd-6aw99DpA&feature=plcp,['Kailash Kher - Naresh Kamath - Paresh Kamath'],2009,Chandni Chowk To China,
C C 2 C,"['Bohemia', 'Akshay Kumar']",Chandni Chowk To China,http://www.youtube.com/watch?v=LCDoukx-GJw&feature=plcp,['Bohemia'],2009,Chandni Chowk To China,
Chandni Chowk To China (Remix),"['Neeraj Shridhar', 'Anushka Manchanda', 'Shankar Mahadevan']",Chandni Chowk To China,http://www.youtube.com/watch?v=oE7PC0LSjDc&feature=plcp,['Shankar - Ehsaan - Loy'],2009,Chandni Chowk To China,
Chak Lain De (Remix),['Kailash Kher'],Chandni Chowk To China,http://www.youtube.com/watch?v=O6hRPInxM7o&feature=plcp,['Kailash Kher - Naresh Kamath - Paresh Kamath'],2009,Chandni Chowk To China,
Ajaane Chehre - Retro Nation Mix,['Raghav Sachar'],Charming Lootera,http://www.youtube.com/watch?v=dNfNhNzYL5k,['Raghav Sachar'],2009,,
Vote For Chintuji,['Amjad - Nadeem'],Chintu Ji,https://www.youtube.com/watch?v=t3wvOjJH47U,['Amjad - Nadeem'],2009,Chintu Ji,
Akira Kurosawa,['Anushka Manchanda'],Chintu Ji,http://www.youtube.com/watch?v=lkZss7qE3bM,['Siddharth - Suhas'],2009,Chintu Ji,
Chai Ke Bahane,"['Roop Kumar Rathod', 'Madhushree']",Chintu Ji,http://www.youtube.com/watch?v=O5pT75yd7c0,['Abhishek - Ishteyak'],2009,Chintu Ji,
Daddy Cool,"['Raghav Sachar', 'Paroma P. Dasgupta']",Daddy Cool,https://www.youtube.com/watch?v=9_Ofh69x238,['Raghav Sachar'],2009,Daddy Cool,
Nasha Nasha,['Neha Bhasin'],Daddy Cool,http://www.youtube.com/watch?v=LbUDL9a53hw,['Raghav Sachar'],2009,Daddy Cool,
Life Life,['Farhad Wadia'],Daddy Cool,http://www.youtube.com/watch?v=aWxp7zOKuAE,"['Farhad Wadia', 'Sajid Khan - II']",2009,Daddy Cool,
Nasha Nasha (Remix),['Neha Bhasin'],Daddy Cool,https://www.youtube.com/watch?v=1heTig_GLRg,['Raghav Sachar'],2009,Daddy Cool,
Daddy Cool (Remix),"['Raghav Sachar', 'Paroma P. Dasgupta']",Daddy Cool,https://www.youtube.com/watch?v=YJ7iY1nSGXw,['Raghav Sachar'],2009,Daddy Cool,
Koi Tumsa (Come Dance With Me),['Vinith'],Dashavtar,https://www.youtube.com/watch?v=qxc5XjhBi3Q,['Himesh Reshammiya'],2009,Dashavtar,
Rishte Naate,"['Rahat Fateh Ali Khan', ""Suzanne D'Mello""]",De Dana Dan,http://www.youtube.com/watch?v=x5oEaz3hAuw,['Pritam'],2009,De Dana Dan,
Paisa Paisa,"['Manak-E', 'RDB', 'Selina']",De Dana Dan,http://www.youtube.com/watch?v=ags26F3ZUnI,['RDB'],2009,De Dana Dan,
Aa Gale Lag Jaa,"['Javed Ali', 'Banjyotsna']",De Dana Dan,http://www.youtube.com/watch?v=lj1tEdJu4SI,['Pritam'],2009,De Dana Dan,
Baamulaiza,"['Mika Singh', 'Style Bhai', 'Dominique Cerejo']",De Dana Dan,http://www.youtube.com/watch?v=06N7Wexu0YE,['Pritam'],2009,De Dana Dan,
Hotty Naughty,['Sunidhi Chauhan'],De Dana Dan,http://www.youtube.com/watch?v=hEUaKh1mxvw,['Pritam'],2009,De Dana Dan,
Rishte Naate - Remix,"['Kunal Ganjawala', ""Suzanne D'Mello""]",De Dana Dan,http://www.youtube.com/watch?v=39ykmkmhs1c,"['Pritam', 'DJ Meets']",2009,De Dana Dan,
De Dana Dan,['Ad Boyz'],De Dana Dan,http://www.youtube.com/watch?v=n6W_U_1ENYw,['Ad Boyz'],2009,De Dana Dan,
Paisa Paisa - Club Mix,"['Manak-E', 'RDB', 'Selina']",De Dana Dan,https://www.youtube.com/watch?v=BHwL2mOs1L0,['RDB'],2009,De Dana Dan,
Baamulaiza - Raaga Mix,"['Mika Singh', 'Style Bhai', 'Dominique Cerejo']",De Dana Dan,http://www.youtube.com/watch?v=cCbrOJ-tmSM,['Pritam'],2009,De Dana Dan,
Aa Gale Lag Jaa - II,"['Javed Ali', 'Banjyotsna', 'Dominique Cerejo']",De Dana Dan,http://www.youtube.com/watch?v=mian-vVSlDI,['Pritam'],2009,De Dana Dan,
Hotty Naughty - Remix,['Kalpana Patowary'],De Dana Dan,http://www.youtube.com/watch?v=QjijHJX-LSc,"['Pritam', 'DJ Akhil Talreja']",2009,De Dana Dan,
Baamulaiza - Remix,"['Mika Singh', 'Style Bhai', 'Dominique Cerejo']",De Dana Dan,http://www.youtube.com/watch?v=lAqzsjOJuU0,['Pritam'],2009,De Dana Dan,
Bawari Hoon Main (Female),['Shreya Ghoshal'],Dekh Bhai Dekh (Dekh Re Dekh),http://www.youtube.com/watch?v=IirykkNNZ-Q,['Shadab Bhartiya'],2009,Dekh Bhai Dekh (Dekh Re Dekh),
Aankhon Mein Kyon,"['Rahat Fateh Ali Khan', 'Rajab Ali']",Dekh Bhai Dekh (Dekh Re Dekh),https://www.youtube.com/watch?v=CV70f-Z6AZA,"['Abuzar', 'Nayab Raja']",2009,Dekh Bhai Dekh (Dekh Re Dekh),
Kanha De Do Sharan,"['Kavita Krishnamurthy', 'Udit Narayan']",Dekh Bhai Dekh (Dekh Re Dekh),https://www.youtube.com/watch?v=PSb1ZCC11qY,['Prem Anand'],2009,Dekh Bhai Dekh (Dekh Re Dekh),
Ladi Re Ladi Nazariya,"['Richa Sharma', 'Vinod Gwarr']",Dekh Bhai Dekh (Dekh Re Dekh),http://www.youtube.com/watch?v=_xam-GqT_w4,"['Abuzar', 'Nayab Raja']",2009,Dekh Bhai Dekh (Dekh Re Dekh),
Sapne Bhaye Hain Bairi - I,"['Rahat Fateh Ali Khan', 'Rajab Ali']",Dekh Bhai Dekh (Dekh Re Dekh),https://www.youtube.com/watch?v=ouWn1zr1xj0,['Shadab Bhartiya'],2009,Dekh Bhai Dekh (Dekh Re Dekh),
Masakali,['Mohit Chauhan'],Delhi-6,http://www.youtube.com/watch?v=SS3lIQdKP-A&feature=plcp,['A.R. Rahman'],2009,Delhi-6,
Arziyan,"['Javed Ali', 'Kailash Kher']",Delhi-6,http://www.youtube.com/watch?v=JA09HEGTzCU&feature=plcp,['A.R. Rahman'],2009,Delhi-6,
Dilli-6,"['Blaaze', 'Benny Dayal', 'Tanvi Shah', 'Vivienne Pocha', 'Claire']",Delhi-6,http://www.youtube.com/watch?v=sPkthMfeWMY&feature=plcp,['A.R. Rahman'],2009,Delhi-6,
Rehna Tu,['A.R. Rahman'],Delhi-6,http://www.youtube.com/watch?v=ZkcyYqwJq9s&feature=plcp,['A.R. Rahman'],2009,Delhi-6,
Hey Kaala Bandar,"['Karthik', 'Srinivas', 'Bonnie Chakraborty', 'Naresh Iyer']",Delhi-6,http://www.youtube.com/watch?v=Sy6I8tgt-aw&feature=plcp,['A.R. Rahman'],2009,Delhi-6,
Dil Gira Dafatan,['Ash King'],Delhi-6,http://www.youtube.com/watch?v=5zU4zZpycTo&feature=plcp,['A.R. Rahman'],2009,Delhi-6,
Genda Phool,['Rekha Bhardwaj'],Delhi-6,http://www.youtube.com/watch?v=nqydfARGDh4&feature=plcp,['A.R. Rahman'],2009,Delhi-6,
Bhor Bhaye,"['Bade Ghulam Ali Khan', 'Shreya Ghoshal']",Delhi-6,https://www.youtube.com/watch?v=kKu_uHNLJwI,['A.R. Rahman'],2009,Delhi-6,
Tumre Bhavan Mein (Aarti),"['Rekha Bhardwaj', 'Kishori Gowariker', 'Sujata Majumdar', 'Shraddha Pandit']",Delhi-6,https://www.youtube.com/watch?v=05bHrZZhNgc,['Traditional'],2009,Delhi-6,
Noor,['Amitabh Bachchan'],Delhi-6,http://www.youtube.com/watch?v=79KzlSg89ZM,['A.R. Rahman'],2009,Delhi-6,
Emosanal Attyachar (Brass Band Version),"['Band Master Rangeela', 'Rasila']",Dev.D,http://www.youtube.com/watch?v=Vng5mg0iY0Q&feature=plcp,['Amit Trivedi'],2009,Dev.D,
Duniya,['Amit Trivedi'],Dev.D,http://www.youtube.com/watch?v=80lqHx9gX6c&feature=plcp,['Amit Trivedi'],2009,Dev.D,
Nayan Tarse,['Amit Trivedi'],Dev.D,https://www.youtube.com/watch?v=LuW1IdlPEvg,['Amit Trivedi'],2009,Dev.D,
Pardesi,['Tochi Raina'],Dev.D,http://www.youtube.com/watch?v=EmxaK0R1YUM&feature=plcp,['Amit Trivedi'],2009,Dev.D,
Saali Khushi,['Amit Trivedi'],Dev.D,http://www.youtube.com/watch?v=MlLBmn4mdZM&feature=plcp,['Amit Trivedi'],2009,Dev.D,
Paayaliya,['Shruti Pathak'],Dev.D,http://www.youtube.com/watch?v=69ysTYhSet8&feature=plcp,['Amit Trivedi'],2009,Dev.D,
Mahi Mennu,['Labh Janjua'],Dev.D,http://www.youtube.com/watch?v=5Uhm8NvXSdA&feature=plcp,['Amit Trivedi'],2009,Dev.D,
Aankh Micholi,['Amit Trivedi'],Dev.D,http://www.youtube.com/watch?v=8CJtBJStgYo&feature=plcp,['Amit Trivedi'],2009,Dev.D,
Yahi Meri Zindagi,['Aditi Singh Sharma'],Dev.D,http://www.youtube.com/watch?v=qpYNf1YLXQY&feature=plcp,['Amit Trivedi'],2009,Dev.D,
Dhol Yaara Dhol,"['Shilpa Rao', 'Kshitij Tarey']",Dev.D,http://www.youtube.com/watch?v=4H7sxmdwR4Y&feature=plcp,['Amit Trivedi'],2009,Dev.D,
Ek Hulchul Si,['Joi Barua'],Dev.D,http://www.youtube.com/watch?v=ctj3R-Zves0&feature=plcp,['Amit Trivedi'],2009,Dev.D,
Hikknaal,['Labh Janjua'],Dev.D,http://www.youtube.com/watch?v=7ToxkJ2KBtk&feature=plcp,['Amit Trivedi'],2009,Dev.D,
Dil Mein Jaagi Arman Aise,['Anusha Mani'],Dev.D,http://www.youtube.com/watch?v=xldM05h8pWs&feature=plcp,['Amit Trivedi'],2009,Dev.D,
Emotional Attyachar (Rock Version),['Bonnie Chakraborty'],Dev.D,https://www.youtube.com/watch?v=xjb0t5KZaLs,['Amit Trivedi'],2009,Dev.D,
Ranjhana,"['Shilpa Rao', 'Kshitij Tarey']",Dev.D,http://www.youtube.com/watch?v=ArrnTffDMeM&feature=plcp,['Amit Trivedi'],2009,Dev.D,
Mahi Mennu (Sad Version),['Labh Janjua'],Dev.D,http://www.youtube.com/watch?v=5Uhm8NvXSdA,['Amit Trivedi'],2009,Dev.D,
Dhoondhte Reh Jaoge,['Sonu Nigam'],Dhoondte Reh Jaoge,https://www.youtube.com/watch?v=fTbX14aOyZk,['Sajid - Wajid'],2009,Dhoondte Reh Jaoge,
Pal Yeh Aanewala Pal,['Neeraj Shridhar'],Dhoondte Reh Jaoge,https://www.youtube.com/watch?v=mYxe1Z1DQjw,['Sajid - Wajid'],2009,Dhoondte Reh Jaoge,
Salma O Salma,['Palash Sen'],Dhoondte Reh Jaoge,https://www.youtube.com/watch?v=VH9kex_fWR4,['Sajid - Wajid'],2009,Dhoondte Reh Jaoge,
I Am Falling In Love,['Wajid Khan'],Dhoondte Reh Jaoge,https://www.youtube.com/watch?v=3ss6Lw72Xa0,['Sajid - Wajid'],2009,Dhoondte Reh Jaoge,
Nako Re Nako,"['Wajid Khan', 'Javed Ali']",Dhoondte Reh Jaoge,https://www.youtube.com/watch?v=rStsdidpF-Y,['Sajid - Wajid'],2009,Dhoondte Reh Jaoge,
Apne Ko Paisa Chahiye,"['Wajid Khan', 'Sowmya Raoh']",Dhoondte Reh Jaoge,https://www.youtube.com/watch?v=wR7ffj0zcwE,['Sajid - Wajid'],2009,Dhoondte Reh Jaoge,
Hadippa,['Mika Singh'],Dil Bole Hadippa!,http://www.youtube.com/watch?v=7wcJ652CNGg,['Pritam'],2009,Dil Bole Hadippa!,
Discowale Khisko,"['Sunidhi Chauhan', 'Rana Mazumder', 'KK']",Dil Bole Hadippa!,http://www.youtube.com/watch?v=5Pux92WFYL0,['Pritam'],2009,Dil Bole Hadippa!,
Ishq Hi Hai Rab,"['Sonu Nigam', 'Shreya Ghoshal']",Dil Bole Hadippa!,http://www.youtube.com/watch?v=Ztcg-BccCnQ,['Pritam'],2009,Dil Bole Hadippa!,
Bhangra Bistar,"['Alisha Chinai', 'Sunidhi Chauhan', 'Hard Kaur']",Dil Bole Hadippa!,http://www.youtube.com/watch?v=jrYyaAnGOo8,['Pritam'],2009,Dil Bole Hadippa!,
Gym Shim,['Joshilay'],Dil Bole Hadippa!,http://www.youtube.com/watch?v=xFotaznNalk,['Joshilay'],2009,Dil Bole Hadippa!,
Hadippa The Remix,"['Mika Singh', 'Sunidhi Chauhan']",Dil Bole Hadippa!,http://www.youtube.com/watch?v=09ipXMMPVs4,['Pritam'],2009,Dil Bole Hadippa!,
Zulfein Khol Khaal Ke,"['Sonu Nigam', 'Anuradha Sriram']",Do Knot Disturb,http://www.youtube.com/watch?v=VEYVQmNUYLY,['Nadeem - Shravan'],2009,Do Knot Disturb,
Don't Ever Leave Me,"['Shaan', 'Shreya Ghoshal']",Do Knot Disturb,https://www.youtube.com/watch?v=f7-du1eRtuU,['Nadeem - Shravan'],2009,Do Knot Disturb,
Mere Naal,"['Nitika Kanwar', 'Jigar Saraiya', 'Shreya Ghoshal', 'KK']",Do Knot Disturb,http://www.youtube.com/watch?v=p2GuQW8A93k,['Nadeem - Shravan'],2009,Do Knot Disturb,
Bebo,"['Neeraj Shridhar', 'Anushka Manchanda']",Do Knot Disturb,https://www.youtube.com/watch?v=e3BXVKwVdF0,['Nadeem - Shravan'],2009,Do Knot Disturb,
Beautiful Woman,"['Neeraj Shridhar', 'Sowmya Raoh']",Do Knot Disturb,https://www.youtube.com/watch?v=QwWCr44W5B8,['Nadeem - Shravan'],2009,Do Knot Disturb,
Do Knot Disturb,"['Anushka Manchanda', 'Karthik']",Do Knot Disturb,https://www.youtube.com/watch?v=PMNUPQ4VrV8,['Amjad - Nadeem'],2009,Do Knot Disturb,
Jaane Kahan,['Kumar Sanu'],Dreams,https://www.youtube.com/watch?v=WbLM0-vDV0I,['Sajid - Wajid'],2009,Dreams,
Kaise Kate,['Sunidhi Chauhan'],Dreams,https://www.youtube.com/watch?v=6JcVrZ27_Mk,['Sajid - Wajid'],2009,Dreams,
Naa Jaane Kyun Lagta Hai Yun,"['Abhijeet', 'Sneha Pant']",Dreams,https://www.youtube.com/watch?v=HNz8kMSyBPA,['Sajid - Wajid'],2009,Dreams,
Jaane Kahan - 2,['Kumar Sanu'],Dreams,https://www.youtube.com/watch?v=HUeQiA8D6W0,['Sajid - Wajid'],2009,Dreams,
Dil Ki Dhadkan,['Kavita Krishnamurthy'],Dreams,https://www.youtube.com/watch?v=gtDb6H0W9n0,['Arun Kerkar'],2009,Dreams,
Duniya Tere Bazaar Mein,['Pankaj Udhas'],Dreams,https://www.youtube.com/watch?v=MXNV2Wlr1no,['Arun Kerkar'],2009,Dreams,
Sapne Sach Honge,['Shaan'],Dreams,https://www.youtube.com/watch?v=hIZkpQih-HE,['Merlin Dsouza'],2009,Dreams,
Ek Ladki Jo Deewani Si Hai,['Adnan Sami'],Ek Ladki Deewani Si,http://www.youtube.com/watch?v=wrOhLbOewZY,['Adnan Sami'],2009,,
Let's Go To Mumbai City,"['Adnan Sami', 'Jermaine Jackson']",Ek Ladki Deewani Si,http://www.youtube.com/watch?v=gzKANLr8p9A,['Adnan Sami'],2009,,
Mehfooz Ishq Tera Hai,['Adnan Sami'],Ek Ladki Deewani Si,https://www.youtube.com/watch?v=vrhoNyJpFTM,['Adnan Sami'],2009,,
Tu Salaamat Rahe Tu Salaamat,['Adnan Sami'],Ek Ladki Deewani Si,https://www.youtube.com/watch?v=sumsT0QlsO4,['Adnan Sami'],2009,,
Dekha Tujhe To Ye Shuru Hua Silsila,"['Adnan Sami', 'Tulsi Kumar']",Ek Ladki Deewani Si,https://www.youtube.com/watch?v=CbWJXDOCqmM,['Adnan Sami'],2009,,
Sharmili Seeli Seeli Sharmili,['Adnan Sami'],Ek Ladki Deewani Si,https://www.youtube.com/watch?v=GB1bEGB7s0A,['Adnan Sami'],2009,,
Laila O Laila,['Adnan Sami'],Ek Ladki Deewani Si,https://www.youtube.com/watch?v=aHqK91k8lbI,['Adnan Sami'],2009,,
Chalo Chalo Chalo Chalo,['Adnan Sami'],Ek Ladki Deewani Si,https://www.youtube.com/watch?v=3NhHC3-yG3c,['Adnan Sami'],2009,,
Let's Go To Mumbai City (Remix),"['Adnan Sami', 'Jermaine Jackson']",Ek Ladki Deewani Si,https://www.youtube.com/watch?v=AYQeUPihQVI,['Adnan Sami'],2009,,
Ishq Ki Zaat,"['Daler Mehndi', 'Kalpana Chauhan']",Ek Se Bure Do,http://www.youtube.com/watch?v=c_MzSMRODe0,['Ravi Pawar'],2009,Ek Se Bure Do,
Meri Gali Mein Andhera,['Sukhwinder Singh'],Firaaq,https://www.youtube.com/watch?v=hryO-5Gu1do,['Rajat Dholakia - Piyush Kanojia'],2009,Firaaq,
Gujarat Ke Firaaq,['Jagjit Singh'],Firaaq,http://www.youtube.com/watch?v=qkm0r4lws34,['Rajat Dholakia - Piyush Kanojia'],2009,Firaaq,
Ummeed,['Rekha Bhardwaj'],Firaaq,http://www.youtube.com/watch?v=L42uBLCSzJc,['Rajat Dholakia - Piyush Kanojia'],2009,Firaaq,
Fitoor,['Mohit Chauhan'],Fitoor,http://www.youtube.com/watch?v=7ocKLgiNFZs&feature=plcp,"['Mohit Chauhan', 'Rocky Khanna']",2009,,
Challeya,['Mohit Chauhan'],Fitoor,http://www.youtube.com/watch?v=3qbBJ7DkIhI&feature=plcp,['Mohit Chauhan'],2009,,
Musafir,['Mohit Chauhan'],Fitoor,https://www.youtube.com/watch?v=kKA8Zh6CFII,['Mohit Chauhan'],2009,,
Meri Tarah,['Mohit Chauhan'],Fitoor,http://www.youtube.com/watch?v=D2zYTFc3z9k,['Mohit Chauhan'],2009,,
Mai Ni Meriye,['Mohit Chauhan'],Fitoor,https://www.youtube.com/watch?v=cQNeFYgMjg0,['Mohit Chauhan'],2009,,
Main Hoon Baadal,['Mohit Chauhan'],Fitoor,https://www.youtube.com/watch?v=H7LqwLbhmYw,['Mohit Chauhan'],2009,,
Babaji,['Mohit Chauhan'],Fitoor,https://www.youtube.com/watch?v=Gy3f_A8J7KQ,['Mohit Chauhan'],2009,,
Bhangda Paale (Moovam 2 Da Groovam),"['Siddharth Haldipur', 'Neeti Mohan', 'Sangeet Haldipur']",Fruit & Nut,http://www.youtube.com/watch?v=VDgvbnWIssk,['Sangeet Haldipur - Siddharth Haldipur'],2009,Fruit & Nut,
Fruit & Nut (Chabaieley),"['Kailash Kher', 'Siddharth Haldipur', 'Sangeet Haldipur']",Fruit & Nut,http://www.youtube.com/watch?v=zRczGUhSGro,['Sangeet Haldipur - Siddharth Haldipur'],2009,Fruit & Nut,
Khabardar,['Boman Irani'],Fruit & Nut,http://www.youtube.com/watch?v=bvG-bzY-KZw,['Sangeet Haldipur - Siddharth Haldipur'],2009,Fruit & Nut,
Andhera Hai Na Jane Kaisa,"['Mani Mahadevan', 'Siddharth Haldipur', 'Sangeet Haldipur']",Fruit & Nut,https://www.youtube.com/watch?v=JowZEdItjTw,['Sangeet Haldipur - Siddharth Haldipur'],2009,Fruit & Nut,
Bhangda Paale - Remix,"['Mahua Kamat', 'Neeti Mohan']",Fruit & Nut,https://www.youtube.com/watch?v=QOW3Z3c3_jw,['Sangeet Haldipur - Siddharth Haldipur'],2009,Fruit & Nut,
Fruit & Nut - Remix,"['Kailash Kher', 'Siddharth Haldipur', 'Sangeet Haldipur']",Fruit & Nut,https://www.youtube.com/watch?v=enwp3AygEig,['Sangeet Haldipur - Siddharth Haldipur'],2009,Fruit & Nut,
Andhera Hai Na Jane Kaisa - Reprise,['Sangeet Haldipur'],Fruit & Nut,https://www.youtube.com/watch?v=u5Lz8DhTlqQ,['Sangeet Haldipur - Siddharth Haldipur'],2009,Fruit & Nut,
Ranaji,['Rekha Bhardwaj'],Gulaal,http://www.youtube.com/watch?v=9Vjj1b_ivDs&feature=plcp,['Piyush Mishra'],2009,Gulaal,
Yaara Maula,"['Rahul Ram', 'Asheem Chakravarty']",Gulaal,http://www.youtube.com/watch?v=ksJoaqqq9-Y&feature=plcp,['Piyush Mishra'],2009,Gulaal,
Aarambh,['Piyush Mishra'],Gulaal,http://www.youtube.com/watch?v=x9feF5rtMAc&feature=plcp,['Piyush Mishra'],2009,Gulaal,
Aisi Sazaa,['Shilpa Rao'],Gulaal,http://www.youtube.com/watch?v=1r1AcrLGjn4,['Piyush Mishra'],2009,Gulaal,
Sheher,"['Swanand Kirkire', 'Piyush Mishra']",Gulaal,http://www.youtube.com/watch?v=yQ0t8LcL498&feature=plcp,['Piyush Mishra'],2009,Gulaal,
Beedo,['Rekha Bhardwaj'],Gulaal,http://www.youtube.com/watch?v=O3ZbjBRtEzk&feature=plcp,['Piyush Mishra'],2009,Gulaal,
Duniya,['Piyush Mishra'],Gulaal,http://www.youtube.com/watch?v=gkKcddq0J4U&feature=plcp,['Piyush Mishra'],2009,Gulaal,
Raat Ke Musafir,['Rahul Ram'],Gulaal,http://www.youtube.com/watch?v=eekN0Bhpj0A,['Piyush Mishra'],2009,Gulaal,
Tere Dar Ke Siva,"['Sadhna Sargam', 'Udit Narayan']",Hum Phirr Milein Na Milein (Hum Phir Mileinge),http://www.youtube.com/watch?v=g0_vDCIyvnE,['Sandesh Shandilya'],2009,Hum Phirr Milein Na Milein (Hum Phir Mileinge),
Hum Phir Milein Na Milein,['Nishant Mudgal'],Hum Phirr Milein Na Milein (Hum Phir Mileinge),https://www.youtube.com/watch?v=-DUWHsKZoGY,['Sameer - I'],2009,Hum Phirr Milein Na Milein (Hum Phir Mileinge),
Sajan Mera Baar Baar Baar Baar Roose Re,['Sunidhi Chauhan'],Hum Phirr Milein Na Milein (Hum Phir Mileinge),http://www.youtube.com/watch?v=wQAnZdDmbsA,['Sandesh Shandilya'],2009,Hum Phirr Milein Na Milein (Hum Phir Mileinge),
Sooni Sooni Raahein Par,['Neeraj Shridhar'],Hum Phirr Milein Na Milein (Hum Phir Mileinge),http://www.youtube.com/watch?v=XZklwoTrxBw,['Sandesh Shandilya'],2009,Hum Phirr Milein Na Milein (Hum Phir Mileinge),
Roz Yeh Mausam,"['Sonu Nigam', 'Sanjeevani']",Hum Phirr Milein Na Milein (Hum Phir Mileinge),http://www.youtube.com/watch?v=v5aO3yUiW1g,['Sandesh Shandilya'],2009,Hum Phirr Milein Na Milein (Hum Phir Mileinge),
Main Ro Naa Padoon,"['Neeraj Shridhar', 'Sunidhi Chauhan']",Hum Phirr Milein Na Milein (Hum Phir Mileinge),http://www.youtube.com/watch?v=ZsotCWvvAZc,['Sandesh Shandilya'],2009,Hum Phirr Milein Na Milein (Hum Phir Mileinge),
Aspiration,['Ilaiyaraaja'],India 24 Hours,http://www.youtube.com/watch?v=_lCNKBzAHFg,['Ilaiyaraaja'],2009,,
Awakening,['Ilaiyaraaja'],India 24 Hours,http://www.youtube.com/watch?v=o5m073OvhuI,['Ilaiyaraaja'],2009,,
Entranced,['Ilaiyaraaja'],India 24 Hours,http://www.youtube.com/watch?v=hOS_0_OZcCo,['Ilaiyaraaja'],2009,,
Heart Beats,['Ilaiyaraaja'],India 24 Hours,http://www.youtube.com/watch?v=ySl3HhsdGNA,['Ilaiyaraaja'],2009,,
Ideas,['Ilaiyaraaja'],India 24 Hours,http://www.youtube.com/watch?v=hycLXw-TTnY,['Ilaiyaraaja'],2009,,
Inspiration,['Ilaiyaraaja'],India 24 Hours,http://www.youtube.com/watch?v=INY1CeEDnxs,['Ilaiyaraaja'],2009,,
Journey,['Ilaiyaraaja'],India 24 Hours,http://www.youtube.com/watch?v=JjdPz-LXcqY,['Ilaiyaraaja'],2009,,
Over Time,['Ilaiyaraaja'],India 24 Hours,http://www.youtube.com/watch?v=4u7vbAxzrj8,['Ilaiyaraaja'],2009,,
Themes Of india 24 Hours,['Ilaiyaraaja'],India 24 Hours,http://www.youtube.com/watch?v=6VCXvVHUyNE,['Ilaiyaraaja'],2009,,
Inteha Aaj Ishq Ki Kardi,['Jagjit Singh'],Inteha,http://www.youtube.com/watch?v=kFtPOg4o94M,['Deepak Pandit'],2009,,
Kuch Khona Kuch Paana,['Jagjit Singh'],Inteha,http://www.youtube.com/watch?v=5wQ2yeW_4zo,['Deepak Pandit'],2009,,
Manzilein Kya Hai Raasta Kya Hai,['Jagjit Singh'],Inteha,http://www.youtube.com/watch?v=kJj-jsCs1Xg,['Jagjit Singh'],2009,,
Woh Rasme Todke,['Roop Kumar Rathod'],Ishara,http://www.youtube.com/watch?v=vmD9rPvq_OE,['Madan Pal'],2009,,
Do Bunde Sawan Ki,['Sonali Rathod'],Ishara,http://www.youtube.com/watch?v=cFt8bAscCL0,['Sahir Ludhianvi'],2009,,
Kahin Umeed Si,['Sonali Rathod'],Ishara,http://www.youtube.com/watch?v=BaNdCWCDgYY,['Ahmed Mushtaq'],2009,,
Narm Jhoke Se,"['Roop Kumar Rathod', 'Sonali Rathod']",Ishara,http://www.youtube.com/watch?v=G2FAu-Jf3RI,['Irfan Siddiqui'],2009,,
Dulhaniya Ki Doli,['Roop Kumar Rathod'],Ishara,http://www.youtube.com/watch?v=lpA_bm_Eg34,['Sabir Jalalabadi'],2009,,
Ishqamaan,['Ali Quli Mirza'],Ishqamaan,https://www.youtube.com/watch?v=iQ0TL_tozGs,['Ali Quli Mirza'],2009,,
Tere Ashkon Se,['Ali Quli Mirza'],Ishqamaan,https://www.youtube.com/watch?v=EIPCLhudYZI,['Ali Quli Mirza'],2009,,
Maa Tera Ek Sahara,['Pushplata'],Jai Jai Santoshi Maa,http://www.youtube.com/watch?v=aNxUgzHo4Tk,['Chanchal B. Narayan'],2009,Jai Jai Santoshi Maa,
Ab Main Chand Dekhungi,['Pushplata'],Jai Jai Santoshi Maa,http://www.youtube.com/watch?v=cw4KxExi_WQ,['Chanchal B. Narayan'],2009,Jai Jai Santoshi Maa,
Sabko Pilao,['Rajesh Iyer'],Jai Jai Santoshi Maa,http://www.youtube.com/watch?v=0n5mlmWixkI,['Chanchal B. Narayan'],2009,Jai Jai Santoshi Maa,
Gori Tum Chhodo,['Rajesh Iyer'],Jai Jai Santoshi Maa,http://www.youtube.com/watch?v=Z6gMeHu3yD4,['Chanchal B. Narayan'],2009,Jai Jai Santoshi Maa,
Mandir Mandir Diya,['Rajesh Iyer'],Jai Jai Santoshi Maa,http://www.youtube.com/watch?v=fMPiMii5Id8,['Chanchal B. Narayan'],2009,Jai Jai Santoshi Maa,
Utari Teri Aarti Maa,['Pushplata'],Jai Jai Santoshi Maa,http://www.youtube.com/watch?v=vQsU5lLeHtI,['Chanchal B. Narayan'],2009,Jai Jai Santoshi Maa,
Sufi Tere Pyar Mein (Duet),"['Tulsi Kumar', 'Saim Bhat']",Jai Veeru,https://www.youtube.com/watch?v=J6LLhnhuK1M,['Bappa Lahiri'],2009,Jai Veeru,
Tenu Le Ke Jaana,['Omer Inayat'],Jai Veeru,https://www.youtube.com/watch?v=U_Eqj9pGbcM,['Bappa Lahiri'],2009,Jai Veeru,
Dhun Lagi,"['Mika Singh', 'Raja Hasan']",Jai Veeru,https://www.youtube.com/watch?v=MwIMCtFV7IU,['Bappa Lahiri'],2009,Jai Veeru,
Aisa Lashkara,"['Hard Kaur', 'Rema Lahiri']",Jai Veeru,https://www.youtube.com/watch?v=sSVCZhRw-Bs,['Bappa Lahiri'],2009,Jai Veeru,
Agre Ka Ghaghra,"['Mauli Dave', 'Javed Ali', 'Raja Hasan']",Jai Veeru,https://www.youtube.com/watch?v=ERXSfjoz9lg,['Bappa Lahiri'],2009,Jai Veeru,
Dhun Lagi - Progressive Dance Mix,"['Mika Singh', 'Raja Hasan']",Jai Veeru,https://www.youtube.com/watch?v=xdY6zugB0Rg,['Bappa Lahiri'],2009,Jai Veeru,
Sufi Tere Pyar Mein (Rock),"['Tulsi Kumar', 'Saim Bhat']",Jai Veeru,https://www.youtube.com/watch?v=A72MmCN0vPI,['Bappa Lahiri'],2009,Jai Veeru,
Dhun Lagi - Electro Mix,"['Mika Singh', 'Raja Hasan']",Jai Veeru,https://www.youtube.com/watch?v=Sj7uLBlWOr4,['Bappa Lahiri'],2009,Jai Veeru,
Sufi Tere Pyar Mein (Male),['Saim Bhat'],Jai Veeru,https://www.youtube.com/watch?v=5Z5L56r6Y0c,['Bappa Lahiri'],2009,Jai Veeru,
Tenu Le Ke Jaana (Remix),['Omer Inayat'],Jai Veeru,https://www.youtube.com/watch?v=B4-IMBW1omM,['Bappa Lahiri'],2009,Jai Veeru,
Saiyan Ve,['Toshi Sabri'],Jail,https://www.youtube.com/watch?v=tqpUc8OGbzM,['Sharib - Toshi'],2009,Jail,
Milke Yun Laga,['Sharib Sabri'],Jail,https://www.youtube.com/watch?v=2D2wCXD--mE,['Sharib - Toshi'],2009,Jail,
Bareily Ke Bazaar Mein,['Sonu Kakkar'],Jail,http://www.youtube.com/watch?v=bBCK5HWXdPE,['Shamir Tandon'],2009,Jail,
Daata Sun Le Maula Sun Le,['Lata Mangeshkar'],Jail,http://www.youtube.com/watch?v=3Eko55-CMeU,['Shamir Tandon'],2009,Jail,
Saiyan Ve (Rock Version),"['Neil Nitin Mukesh', 'Toshi Sabri', 'Sharib Sabri']",Jail,https://www.youtube.com/watch?v=T68uKI1Ly_w,['Sharib - Toshi'],2009,Jail,
Bareily Ke Bazaar Mein (Remix),['Sonu Kakkar'],Jail,https://www.youtube.com/watch?v=b_K-D3NS4Kw,['Shamir Tandon'],2009,Jail,
Saiyan Ve (Remix),"['Neil Nitin Mukesh', 'Toshi Sabri', 'Sharib Sabri']",Jail,http://www.youtube.com/watch?v=l1TtoScJbdg,['Sharib - Toshi'],2009,Jail,
Daata Sun Le Maula Sun Le (Contemporary Remix),['Lata Mangeshkar'],Jail,http://www.youtube.com/watch?v=V1uIjhmw6wA,['Shamir Tandon'],2009,Jail,
Nazrein Karam,"['KK', 'Shreya Ghoshal']",Jashnn,http://www.youtube.com/watch?v=WUApaH2gDIo&feature=plcp,['Sharib - Toshi'],2009,Jashnn,
Aaya Re Koi Dil Ko Churane,['KK'],Jashnn,http://www.youtube.com/watch?v=jhLYGjlJ39o&feature=plcp,['Sharib - Toshi'],2009,Jashnn,
Dard-E-Tanhai,['Nouman Javaid'],Jashnn,http://www.youtube.com/watch?v=aFPAiMdY4LM&feature=plcp,['Sharib - Toshi'],2009,Jashnn,
Tere Bin Kahan Humse Jiya Jayega,"['Shaan', 'Shreya Ghoshal']",Jashnn,https://www.youtube.com/watch?v=y4rRskAKMAQ,['Sharib - Toshi'],2009,Jashnn,
Main Chala Main Chala,['Nouman Javaid'],Jashnn,http://www.youtube.com/watch?v=LcHq43OYO_Y&feature=plcp,['Sharib - Toshi'],2009,Jashnn,
Aaja Aish Kar Le,"['Toshi Sabri', 'Sharib Sabri']",Jashnn,http://www.youtube.com/watch?v=I6VKS9rc8dU&feature=plcp,['Sharib - Toshi'],2009,Jashnn,
Nazrein Karam - Kilogram Mix,"['KK', 'Shreya Ghoshal']",Jashnn,https://www.youtube.com/watch?v=TPBhF9f6KDk,['Sharib - Toshi'],2009,Jashnn,
Dard-E-Tanhai - Kilogram Mix,['Nouman Javaid'],Jashnn,http://www.youtube.com/watch?v=uKuinMcyHAg&feature=plcp,['Sharib - Toshi'],2009,Jashnn,
Main Chala Main Chala - Unplugged,['Nouman Javaid'],Jashnn,http://www.youtube.com/watch?v=fYHUr7AjCRo&feature=plcp,['Sharib - Toshi'],2009,Jashnn,
Tu Hai Rab Mera,['Krishna Beura'],Jugaad,https://www.youtube.com/watch?v=f5gAu38sCWg,['Krishna Beura'],2009,Jugaad,
Kise Awaz Doon,['Adeel'],Jugaad,https://www.youtube.com/watch?v=O4VP0rmoqCY,['Sachin Gupta'],2009,Jugaad,
Tension Lene Ka Nahin Dene Ka,['Neeraj Shridhar'],Jugaad,https://www.youtube.com/watch?v=4ew3LIpGNVA,['Sachin Gupta'],2009,Jugaad,
Tabahi Tabahi,"['Richa Sharma', 'Mika Singh']",Jugaad,https://www.youtube.com/watch?v=SDBJ7Gz-Fjw,['Sachin Gupta'],2009,Jugaad,
Tension Lene Ka Nahin Dene Ka (Rock Remix),"['Aditya Jassi', 'Sachin Gupta']",Jugaad,http://www.youtube.com/watch?v=hxyAbSoPNtI,['Sachin Gupta'],2009,Jugaad,
Aalam Guzarne Ko,"['Sonu Nigam', ""Suzanne D'Mello""]",Kal Kissne Dekha,http://www.youtube.com/watch?v=PN06kUcEweE,['Sajid - Wajid'],2009,Kal Kissne Dekha,
Soniye Billori,"['Sonu Nigam', ""Suzanne D'Mello""]",Kal Kissne Dekha,http://www.youtube.com/watch?v=Up9XrXVnxe0,['Sajid - Wajid'],2009,Kal Kissne Dekha,
Aasman Jhuk Gaya,"['Shaan', 'Shreya Ghoshal']",Kal Kissne Dekha,http://www.youtube.com/watch?v=VrDPl7EZ8Ho,['Sajid - Wajid'],2009,Kal Kissne Dekha,
Jashn Hai Josh Hai,"['Alisha Chinai', 'Neeraj Shridhar', 'Wajid Khan']",Kal Kissne Dekha,http://www.youtube.com/watch?v=UAeKVkVeYIg,['Sajid - Wajid'],2009,Kal Kissne Dekha,
Tere Bina Lagta Nahi Jiya,['Wajid Khan'],Kal Kissne Dekha,http://www.youtube.com/watch?v=pSV-VVrtytw,['Sajid - Wajid'],2009,Kal Kissne Dekha,
Bin Tere Mar Jaavan Main,['Shreya Ghoshal'],Kal Kissne Dekha,http://www.youtube.com/watch?v=Jk_SNVZjjaM,['Sajid - Wajid'],2009,Kal Kissne Dekha,
Kal Kisne Dekha,"['Shaan', 'Shreya Ghoshal']",Kal Kissne Dekha,http://www.youtube.com/watch?v=3JgRu159rMo,['Sajid - Wajid'],2009,Kal Kissne Dekha,
Soniye Billori (Club Mix),"['Sonu Nigam', ""Suzanne D'Mello""]",Kal Kissne Dekha,http://www.youtube.com/watch?v=IZYTUs64yNs,['Sajid - Wajid'],2009,Kal Kissne Dekha,
Kal Kisne Dekha (Club Mix),"['Shaan', 'Shreya Ghoshal']",Kal Kissne Dekha,https://www.youtube.com/watch?v=ZvqpfjDnmTo,['Sajid - Wajid'],2009,Kal Kissne Dekha,
Kal Kisne Dekha (Romantic Version),['Wajid Khan'],Kal Kissne Dekha,https://www.youtube.com/watch?v=YQy563Yowa8,['Sajid - Wajid'],2009,Kal Kissne Dekha,
Om Mangalam,['RDB'],Kambakkht Ishq,http://www.youtube.com/watch?v=VF9c1v5ob4E,['RDB'],2009,Kambakkht Ishq,
Lakh Lakh,['Neeraj Shridhar'],Kambakkht Ishq,http://www.youtube.com/watch?v=1_SxMU7TEas,['Anu Malik'],2009,Kambakkht Ishq,
Bebo,['Alisha Chinai'],Kambakkht Ishq,http://www.youtube.com/watch?v=UadkGIzWGs4,['Anu Malik'],2009,Kambakkht Ishq,
Kambakht Ishq,"['Sunidhi Chauhan', 'KK']",Kambakkht Ishq,http://www.youtube.com/watch?v=bNBZbIeWy4U,['Anu Malik'],2009,Kambakkht Ishq,
Kyun - Duet,"['Shaan', 'Shreya Ghoshal']",Kambakkht Ishq,http://www.youtube.com/watch?v=xLbIJqKxNjQ,['Anu Malik'],2009,Kambakkht Ishq,
Kyun - Solo,['Shreya Ghoshal'],Kambakkht Ishq,http://www.youtube.com/watch?v=vWBbBLrzbmc&feature=plcp,['Anu Malik'],2009,Kambakkht Ishq,
Welcome To Hollywood,"['Karsh Kale', 'Anushka Manchanda']",Kambakkht Ishq,http://www.youtube.com/watch?v=4O25iokmPFw&feature=plcp,['Salim - Sulaiman'],2009,Kambakkht Ishq,
Dhan Te Nan,"['Sukhwinder Singh', 'Vishal Dadlani']",Kaminey,http://www.youtube.com/watch?v=7j7kCrTOC0k&feature=plcp,['Vishal Bhardwaj'],2009,Kaminey,
Pehli Baar Mohabbat Ki Hai,['Mohit Chauhan'],Kaminey,http://www.youtube.com/watch?v=zhMoztMJPwE&feature=plcp,['Vishal Bhardwaj'],2009,Kaminey,
Raat Ke Dhai Baje,"['Suresh Wadkar', 'Rekha Bhardwaj', 'Sunidhi Chauhan', 'Kunal Ganjawala']",Kaminey,http://www.youtube.com/watch?v=Xf1922kJPfU&feature=plcp,['Vishal Bhardwaj'],2009,Kaminey,
Fatak,"['Sukhwinder Singh', 'Kailash Kher']",Kaminey,http://www.youtube.com/watch?v=a58k8tp_pq4&feature=plcp,['Vishal Bhardwaj'],2009,Kaminey,
Kaminey,['Vishal Bhardwaj'],Kaminey,http://www.youtube.com/watch?v=yj3FvtHDaog&feature=plcp,['Vishal Bhardwaj'],2009,Kaminey,
Dhan Te Nan - Remix,"['Sukhwinder Singh', 'Vishal Dadlani']",Kaminey,https://www.youtube.com/watch?v=QTtxbp29ff0,['Vishal Bhardwaj'],2009,Kaminey,
Pehli Baar Mohabbat Ki Hai (Remix),['Mohit Chauhan'],Kaminey,https://www.youtube.com/watch?v=A9sRjoS6iXI,['Vishal Bhardwaj'],2009,Kaminey,
Raat Ke Dhai Baje - Remix,"['Suresh Wadkar', 'Rekha Bhardwaj', 'Sunidhi Chauhan', 'Kunal Ganjawala']",Kaminey,https://www.youtube.com/watch?v=A0ff0GcFSeI,['Vishal Bhardwaj'],2009,Kaminey,
Roop Anekon Dharen Maa Ne,['Anup Jalota'],Karm Aur Dharm,https://www.youtube.com/watch?v=N24_JqblpcA,['Surya Raj Kamal'],2009,Karm Aur Dharm,
Zor Se Bolo Jai Mata Di,['Rajesh Bisen'],Karm Aur Dharm,https://www.youtube.com/watch?v=YMzyT2_lxUo,['Surya Raj Kamal'],2009,Karm Aur Dharm,
Mere Ghar Mein Biraji Meri Maa,['Anuradha Paudwal'],Karm Aur Dharm,https://www.youtube.com/watch?v=t64RDW_pSVM,['Surya Raj Kamal'],2009,Karm Aur Dharm,
He Maat Meri He Maat Meri,['Anuradha Paudwal'],Karm Aur Dharm,https://www.youtube.com/watch?v=td1Uuaw3dZ0,['Surya Raj Kamal'],2009,Karm Aur Dharm,
Samay Ki Chinta Chhodo (Saare Jagat Ki Karta Dharta),['Rajesh Bisen'],Karm Aur Dharm,https://www.youtube.com/watch?v=LzRJdjyks8Q,['Surya Raj Kamal'],2009,Karm Aur Dharm,
Aayi Aayi Holi,"['Sonu Nigam', 'Sunidhi Chauhan', 'Jai Mohan']",Karma Aur Holi,https://www.youtube.com/watch?v=IiTWwkPNf9s,['Raju Singh'],2009,,
Jism Damakta,['Kunal Ganjawala'],Karma Aur Holi,https://www.youtube.com/watch?v=p9frSEgmMVQ,['Nusrat Fateh Ali Khan'],2009,,
Jism Damakta (Remix 1),['Nusrat Fateh Ali Khan'],Karma Aur Holi,https://www.youtube.com/watch?v=Kn6aYfHejww,"['Raju Singh', 'Nusrat Fateh Ali Khan']",2009,,
Jism Damakta (Remix 2),['Nusrat Fateh Ali Khan'],Karma Aur Holi,https://www.youtube.com/watch?v=Oza6WadTBFk,"['Raju Singh', 'Nusrat Fateh Ali Khan']",2009,,
Soni Soni Jindari Da Aaj Le Maza,['Zubin Garg'],Key Club,http://www.youtube.com/watch?v=i8dNBwEOU8s,['Shivam Bagchi'],2009,Key Club,
Ek Pal Tere Bina,['Zubin Garg'],Key Club,http://www.youtube.com/watch?v=U0ZuPy4WBLc,['Shivam Bagchi'],2009,Key Club,
Tujhse Hi To Meri Har Khushi Hai,"['Javed Ali', 'Shreya Ghoshal']",Key Club,http://www.youtube.com/watch?v=kVJ0xMdBbpE,['Shivam Bagchi'],2009,Key Club,
Meri Ulfat Ki Sabko Tishnagi,['Sunidhi Chauhan'],Key Club,http://www.youtube.com/watch?v=waxTV-zb90U,['Shivam Bagchi'],2009,Key Club,
Dil Kash Nazar,['Sunidhi Chauhan'],Key Club,http://www.youtube.com/watch?v=t6tn0kX9sy0,['Shivam Bagchi'],2009,Key Club,
Naina Re Naina,"['Ghulam Ali', 'Asha Bhosle']",Khaer,http://www.youtube.com/watch?v=XebAqyzkgB4,['Aamir Ghulam Ali'],2009,,
Dheere Dheere Tere Pyar Mein,"['Asha Bhosle', 'Aamir Ghulam Ali']",Khaer,https://www.youtube.com/watch?v=18f1mfsKVkk,['Aamir Ghulam Ali'],2009,,
Sochon Mein Gum Kyun Ho,"['Asha Bhosle', 'Aamir Ghulam Ali']",Khaer,https://www.youtube.com/watch?v=eT4Br5kbkTI,['Aamir Ghulam Ali'],2009,,
Shaam Se Dil Udaas,"['Asha Bhosle', 'Ghulam Ali']",Khaer,https://www.youtube.com/watch?v=DpsEXH_F-Vo,['Aamir Ghulam Ali'],2009,,
Naina Re Naina,['Asha Bhosle'],Khaer,https://www.youtube.com/watch?v=8a1-HFFuh2g,['Aamir Ghulam Ali'],2009,,
Dil Se Nikli Hui Dua Tu Hai,['Ghulam Ali'],Khaer,https://www.youtube.com/watch?v=p9kWw0fxyho,['Aamir Ghulam Ali'],2009,,
Tore Bina Nahin Laage Laage Naa Mora Jiya,['Asha Bhosle'],Khaer,https://www.youtube.com/watch?v=iitFxnQvCL4,['Aamir Ghulam Ali'],2009,,
Ek Lamhe Ki Bas Khata Hai Koi,['Ghulam Ali'],Khaer,https://www.youtube.com/watch?v=F_CGfN_7Z98,['Aamir Ghulam Ali'],2009,,
Dil Bichhadne Se Bahut Darta Hai,['Asha Bhosle'],Khaer,https://www.youtube.com/watch?v=LQW5Okwlt2Y,['Aamir Ghulam Ali'],2009,,
Sochon Mein Gum Kyun Ho - Remix,"['Asha Bhosle', 'Ghulam Ali']",Khaer,https://www.youtube.com/watch?v=dCKh-0Rof4c,['Aamir Ghulam Ali'],2009,,
Naina Re Naina - Remix,"['Asha Bhosle', 'Ghulam Ali']",Khaer,https://www.youtube.com/watch?v=E2FF7rl3Fmw,['Aamir Ghulam Ali'],2009,,
Dheere Dheere Tere Pyar Mein - Remix,"['Asha Bhosle', 'Ghulam Ali']",Khaer,https://www.youtube.com/watch?v=8UKpSfhbes8,['Aamir Ghulam Ali'],2009,,
Aap Hum Se Jo Dil Laga Lete,['Khushboo Khanum'],Khushboo Ki Khushboo Se,https://www.youtube.com/watch?v=lFtjStL1lJQ,['Khushboo Khanum'],2009,,
Woh Mujhse Hue Hum Qalam Allah Allah,['Khushboo Khanum'],Khushboo Ki Khushboo Se,https://www.youtube.com/watch?v=h_CqpHY5SK0,['Khushboo Khanum'],2009,,
Kabhi Kabhi Teri Palko Pe,['Khushboo Khanum'],Khushboo Ki Khushboo Se,https://www.youtube.com/watch?v=fqzuwdcwC8Y,['Khushboo Khanum'],2009,,
Punjabi Munde,"['Labh Janjua', 'Daboo Malik', 'Parthiv Gohil', 'Sunidhi Chauhan', ""Earl Edgar D'Souza"", 'Siddharth Singh', 'Shakti Singh - I']",Kisaan,http://www.youtube.com/watch?v=qyQ54PzmyD8,['Daboo Malik'],2009,Kisaan,
Humko Kehna Hai,"['Shaan', 'Shreya Ghoshal']",Kisaan,http://www.youtube.com/watch?v=RgdqGupHCZs,['Daboo Malik'],2009,Kisaan,
Jhoomo Re Jhoomo,"['Ad Boyz', 'Abhijit Ghoshal', 'Daboo Malik', 'Tarannum Mallik', 'Sujata Majumdar', 'Pavni Pandey']",Kisaan,http://www.youtube.com/watch?v=4KwOiHjspTI,['Daboo Malik'],2009,Kisaan,
Neeche Saari Duniya,"['Roop Kumar Rathod', 'Harshdeep Kaur']",Kisaan,http://www.youtube.com/watch?v=o_DPx8fznIE,['Daboo Malik'],2009,Kisaan,
Waqt Ki Dhoop,['Toshi Sabri'],Kisaan,http://www.youtube.com/watch?v=YAzlsaJLROg,['Daboo Malik'],2009,Kisaan,
Punjabi Munde (Remix),"['Daboo Malik', 'Shakti Singh - I']",Kisaan,http://www.youtube.com/watch?v=uAc2nXdrBuE,['Daboo Malik'],2009,Kisaan,
Meri Jind Da Ladla,['Shahid Mallya'],Kisaan,https://www.youtube.com/watch?v=hd_DtySwFfY,['Daboo Malik'],2009,Kisaan,
Shukran Allah,"['Sonu Nigam', 'Shreya Ghoshal', 'Salim Merchant']",Kurbaan,http://www.youtube.com/watch?v=z_B0PF8Ug00,['Salim - Sulaiman'],2009,Kurbaan,
Dua,"['Sukhwinder Singh', ""Marianne D'Cruz"", 'Kailash Kher']",Kurbaan,http://www.youtube.com/watch?v=ryY2Pspj1xU,['Salim - Sulaiman'],2009,Kurbaan,
Ali Maula,['Salim Merchant'],Kurbaan,http://www.youtube.com/watch?v=_MVm4rWUamw,['Salim - Sulaiman'],2009,Kurbaan,
Rasiya,"['Shruti Pathak', 'Kareena Kapoor']",Kurbaan,http://www.youtube.com/watch?v=12q7R_wv-MQ,['Salim - Sulaiman'],2009,Kurbaan,
Kurbaan Hua,['Vishal Dadlani'],Kurbaan,https://www.youtube.com/watch?v=j23STQ4C7uI,['Salim - Sulaiman'],2009,Kurbaan,
Let's Dance,"['Sunidhi Chauhan', 'Keerthi Sagathia']",Let's Dance - Sirf Ek Bahana Chahiye,http://www.youtube.com/watch?v=wt9oHcHoQG8,['Vipin Mishra'],2009,Let's Dance - Sirf Ek Bahana Chahiye,
Tumse Iqraar,['Keerthi Sagathia'],Let's Dance - Sirf Ek Bahana Chahiye,http://www.youtube.com/watch?v=a-OzlF81kPY,['Vipin Mishra'],2009,Let's Dance - Sirf Ek Bahana Chahiye,
Kuke Kuke,"['Shaan', 'Antara Mitra', 'Debojit Dutta']",Life Partner,http://www.youtube.com/watch?v=mzFjRoM4QCk,['Pritam'],2009,Life Partner,
Teri Meri Yeh Zindagi,"['Soham Chakraborty', 'Sunidhi Chauhan']",Life Partner,http://www.youtube.com/watch?v=RSQj_i-04E8,['Pritam'],2009,Life Partner,
Aage Aage,"['Mika Singh', 'Ajay Jhingran', 'Soham Chakraborty', 'Antara Mitra', 'Shakti Singh - I']",Life Partner,http://www.youtube.com/watch?v=cg385n0yVOg,['Pritam'],2009,Life Partner,
Goonji Angna Mein Shehnai,"['Sunidhi Chauhan', 'Keerthi Sagathia']",Life Partner,http://www.youtube.com/watch?v=2NqLjK5ZCGY,"['Pritam', 'Sachin - Jigar']",2009,Life Partner,
Purza Purza,"['Kunal Ganjawala', 'Sunidhi Chauhan']",Life Partner,http://www.youtube.com/watch?v=0DesCcxnFNU,['Pritam'],2009,Life Partner,
Kuke Kuke (Remix),"['Shaan', 'Antara Mitra', 'Debojit Dutta']",Life Partner,https://www.youtube.com/watch?v=-HS4xn9DD-I,['Pritam'],2009,Life Partner,
Purza Purza (Remix),"['Kunal Ganjawala', 'Sunidhi Chauhan']",Life Partner,https://www.youtube.com/watch?v=22RquGTG97k,['Pritam'],2009,Life Partner,
Barson Yaaron,"['Vishal Dadlani', 'Roop Kumar Rathod']",London Dreams,http://www.youtube.com/watch?v=onnlMlDAl6s&feature=plcp,['Shankar - Ehsaan - Loy'],2009,London Dreams,
Man Ko Ati Bhaave Saiyan,['Shankar Mahadevan'],London Dreams,http://www.youtube.com/watch?v=2vpewG9e7KQ&feature=plcp,['Shankar - Ehsaan - Loy'],2009,London Dreams,
Tapkey Masti,['Feroz Khan - II'],London Dreams,http://www.youtube.com/watch?v=uMgaMz6hq9s&feature=plcp,['Shankar - Ehsaan - Loy'],2009,London Dreams,
Khanabadosh,['K. Mohan'],London Dreams,http://www.youtube.com/watch?v=2vpewG9e7KQ&feature=plcp,['Shankar - Ehsaan - Loy'],2009,London Dreams,
Khwab Jo (Khwab Ko Raag De),"['Rahat Fateh Ali Khan', 'Shankar Mahadevan']",London Dreams,http://www.youtube.com/watch?v=C8jKPIR62jA&feature=plcp,['Shankar - Ehsaan - Loy'],2009,London Dreams,
Yaari Bina,"['Roop Kumar Rathod', 'Milind']",London Dreams,http://www.youtube.com/watch?v=dm1cnaiIvA0&feature=plcp,['Shankar - Ehsaan - Loy'],2009,London Dreams,
Jashn Hai Jeet Ka,['Abhijit Ghoshal'],London Dreams,http://www.youtube.com/watch?v=scwE2KdgGNY&feature=plcp,['Shankar - Ehsaan - Loy'],2009,London Dreams,
Shola Shola,['Zubeen Garg'],London Dreams,http://www.youtube.com/watch?v=wAnnBKboWzI&feature=plcp,['Shankar - Ehsaan - Loy'],2009,London Dreams,
Khanabadosh (Remix),['K. Mohan'],London Dreams,https://www.youtube.com/watch?v=vidLiSdHiUg,['Shankar - Ehsaan - Loy'],2009,London Dreams,
Man Ko Ati Bhaave Saiyan (Remix),['Shankar Mahadevan'],London Dreams,http://www.youtube.com/watch?v=22EOYb_e2NE&feature=plcp,['Shankar - Ehsaan - Loy'],2009,London Dreams,
Tapkey Masti (Remix),['Feroz Khan - II'],London Dreams,http://www.youtube.com/watch?v=29CSS_JLycE&feature=plcp,['Shankar - Ehsaan - Loy'],2009,London Dreams,
Twist,['Neeraj Shridhar'],Love Aaj Kal,http://www.youtube.com/watch?v=KgmeL_xuB0I&feature=plcp,['Pritam'],2009,Love Aaj Kal,
Chor Bazaari,"['Neeraj Shridhar', 'Sunidhi Chauhan']",Love Aaj Kal,http://www.youtube.com/watch?v=sDne5fEsxec&feature=plcp,['Pritam'],2009,Love Aaj Kal,
Aahun Aahun,"['Master Saleem', 'Neeraj Shridhar', ""Suzanne D'Mello""]",Love Aaj Kal,http://www.youtube.com/watch?v=Qk9bPR2wfJ4&feature=plcp,['Pritam'],2009,Love Aaj Kal,
Dooriyan,['Mohit Chauhan'],Love Aaj Kal,http://www.youtube.com/watch?v=3EfX3kAM1Ks&feature=plcp,['Pritam'],2009,Love Aaj Kal,
Ajj Din Chadheya,['Rahat Fateh Ali Khan'],Love Aaj Kal,https://www.youtube.com/watch?v=GAfEZ6Ov2cc,['Pritam'],2009,Love Aaj Kal,
Thoda Thoda Pyar,['Sunidhi Chauhan'],Love Aaj Kal,http://www.youtube.com/watch?v=qFZnXIsnDIE&feature=plcp,['Pritam'],2009,Love Aaj Kal,
Main Kya Hoon,['KK'],Love Aaj Kal,http://www.youtube.com/watch?v=m0tZ1EdxZng&feature=plcp,['Pritam'],2009,Love Aaj Kal,
Zara Sa Halka Sa,['Shreya Ghoshal'],Love Khichdi,http://www.youtube.com/watch?v=KGu39uXGRrg,['Pritam'],2009,Love Khichdi,
Luck Aazma,"['Sukhwinder Singh', 'Satya Hinduja']",Luck,http://www.youtube.com/watch?v=aN7MUjGU3pY,['Salim - Sulaiman'],2009,Luck,
Khudaya Ve,['Salim Merchant'],Luck,http://www.youtube.com/watch?v=54z7T3SIpYY,['Salim - Sulaiman'],2009,Luck,
Jee Le,"['Shruti Pathak', 'Naresh Kamath']",Luck,http://www.youtube.com/watch?v=IK9-2obgznM,['Salim - Sulaiman'],2009,Luck,
Aazma (Luck Is The Key),"['Shruti Haasan', 'Clinton Cerejo']",Luck,http://www.youtube.com/watch?v=b0vEEHXajvY,['Salim - Sulaiman'],2009,Luck,
Laaga Le,"['Anushka Manchanda', 'Robert Bob Omulo']",Luck,http://www.youtube.com/watch?v=_aWosSNKAS8,['Salim - Sulaiman'],2009,Luck,
Khudaya Ve (Radio Mix),['Salim Merchant'],Luck,https://www.youtube.com/watch?v=8ndc6n_4stw,['Salim - Sulaiman'],2009,Luck,
Luck Aazma (Remix),"['Sukhwinder Singh', 'Satya Hinduja']",Luck,http://www.youtube.com/watch?v=mdvzm6ut3tw,['Salim - Sulaiman'],2009,Luck,
Jee Le (Remix),"['Shruti Pathak', 'Naresh Kamath']",Luck,http://www.youtube.com/watch?v=COxC4aevSAY,['Salim - Sulaiman'],2009,Luck,
Khudaya Ve (Remix),['Salim Merchant'],Luck,http://www.youtube.com/watch?v=er0n2tvZh2U,['Salim - Sulaiman'],2009,Luck,
Yeh Zindagi Bhi,"['Loy Mendonsa', 'Shekhar Ravjiani']",Luck By Chance,http://www.youtube.com/watch?v=0tu5tTbAoRE,['Shankar - Ehsaan - Loy'],2009,Luck By Chance,
Baawre,"['Shankar Mahadevan', 'Loy Mendonsa', 'Ila Arun', 'Mumay Khan', 'Babu Khan', 'Rajab Khan', 'Mansoor Khan - I']",Luck By Chance,http://www.youtube.com/watch?v=YfSy77izgcM&feature=plcp,['Shankar - Ehsaan - Loy'],2009,Luck By Chance,
Pyar Ki Daastan,"['Mahalakshmi Iyer', 'Amit Paul']",Luck By Chance,http://www.youtube.com/watch?v=mK7JXY4xb5w&feature=plcp,['Shankar - Ehsaan - Loy'],2009,Luck By Chance,
Yeh Aaj Kya Ho Gaya,['Sunidhi Chauhan'],Luck By Chance,http://www.youtube.com/watch?v=a-OmxichW68&feature=plcp,['Shankar - Ehsaan - Loy'],2009,Luck By Chance,
Sapnon Se Bhare Naina,['Shankar Mahadevan'],Luck By Chance,http://www.youtube.com/watch?v=UfNjLCD-WVM&feature=plcp,['Shankar - Ehsaan - Loy'],2009,Luck By Chance,
O Raahi Re,['Shankar Mahadevan'],Luck By Chance,https://www.youtube.com/watch?v=Apon6ixEhN4,['Shankar - Ehsaan - Loy'],2009,Luck By Chance,
Baawre (Remix),"['Shankar Mahadevan', 'Loy Mendonsa', 'Ila Arun', 'Mumay Khan', 'Babu Khan', 'Rajab Khan', 'Mansoor Khan - I']",Luck By Chance,https://www.youtube.com/watch?v=C0r4aVI79Is,['Shankar - Ehsaan - Loy'],2009,Luck By Chance,
Don't Say Alvida,"['Sonu Nigam', 'Shreya Ghoshal', ""Suzanne D'Mello""]",Main Aurr Mrs Khanna,http://www.youtube.com/watch?v=EBSYMwVHvdE&feature=plcp,['Sajid - Wajid'],2009,Main Aurr Mrs Khanna,
Happening,"['Wajid Khan', 'Sunidhi Chauhan', 'Uvie', 'Farhad Wadia', 'Raja Mushtaq']",Main Aurr Mrs Khanna,http://www.youtube.com/watch?v=z5eoEvuGtL0&feature=plcp,['Sajid - Wajid'],2009,Main Aurr Mrs Khanna,
Rabba,['Rahat Fateh Ali Khan'],Main Aurr Mrs Khanna,http://www.youtube.com/watch?v=yHL2mbMAcTA&feature=plcp,['Sajid - Wajid'],2009,Main Aurr Mrs Khanna,
Tum Ne Socha,"['Wajid Khan', 'Shreya Ghoshal']",Main Aurr Mrs Khanna,http://www.youtube.com/watch?v=ET7JATxxTsY&feature=plcp,['Sajid - Wajid'],2009,Main Aurr Mrs Khanna,
Mrs. Khanna,"['Bappi Lahiri', 'Shaan', 'Sunidhi Chauhan', 'Neuman Pinto', ""Suzanne D'Mello""]",Main Aurr Mrs Khanna,http://www.youtube.com/watch?v=My9i1PG6eNQ&feature=plcp,['Sajid - Wajid'],2009,Main Aurr Mrs Khanna,
Don't Say Alvida (Sad),['Shreya Ghoshal'],Main Aurr Mrs Khanna,https://www.youtube.com/watch?v=BFmXSZOkGdY,['Sajid - Wajid'],2009,Main Aurr Mrs Khanna,
Happening (Remix),['Shreya Ghoshal'],Main Aurr Mrs Khanna,http://www.youtube.com/watch?v=HZfqrXhF--4&feature=plcp,['Sajid - Wajid'],2009,Main Aurr Mrs Khanna,
Don't Say Alvida (Remix),['Shreya Ghoshal'],Main Aurr Mrs Khanna,https://www.youtube.com/watch?v=xxPVToIu8Z0,['Sajid - Wajid'],2009,Main Aurr Mrs Khanna,
Sehra Sehra,['Sunidhi Chauhan'],Marega Salaa,https://www.youtube.com/watch?v=QlF1eNYg7GQ,['Daboo Malik'],2009,Marega Salaa,
Yeh Pardewali Baat,['Alisha Chinai'],Marega Salaa,https://www.youtube.com/watch?v=7gUJcmzFpEU,['Daboo Malik'],2009,Marega Salaa,
Tu Hi Hai (Female),['Sunidhi Chauhan'],Marega Salaa,https://www.youtube.com/watch?v=OVpu6hSZHSM,['Daboo Malik'],2009,Marega Salaa,
Aankhein Tumhari,"['Sonu Nigam', 'Shreya Ghoshal']",Marega Salaa,https://www.youtube.com/watch?v=UyPWZTjQH-o,['Daboo Malik'],2009,Marega Salaa,
Tu Hi Hai (Male),['Daboo Malik'],Marega Salaa,https://www.youtube.com/watch?v=S5m7AnMZ5Nw,['Daboo Malik'],2009,Marega Salaa,
Sehra Sehra (Remix),['Sunidhi Chauhan'],Marega Salaa,https://www.youtube.com/watch?v=8crjwCKt0Yg,['Daboo Malik'],2009,Marega Salaa,
Tu Hi Hai (Remix),['Sunidhi Chauhan'],Marega Salaa,https://www.youtube.com/watch?v=fnYaw0PepJA,['Daboo Malik'],2009,Marega Salaa,
Rama Ho Rama Re,['Kailash Kher'],Maruti Mera Dosst,https://www.youtube.com/watch?v=oS930JJYUPE,['Kartik Shah'],2009,Maruti Mera Dosst,
Jai Hanuman Gyan Gun Sagar,['Hariharan'],Maruti Mera Dosst,https://www.youtube.com/watch?v=IpIYAFJW4hM,['Kartik Shah'],2009,Maruti Mera Dosst,
Jiya Re Jiya Re,['Javed Ali'],Maruti Mera Dosst,https://www.youtube.com/watch?v=xxfovi4bw0I,['Kartik Shah'],2009,Maruti Mera Dosst,
Maafi Kya Maangoon Main,"['Mansi Bhardwaj', 'Armaan Malik']",Maruti Mera Dosst,https://www.youtube.com/watch?v=ne3GwgkznmQ,['Kartik Shah'],2009,Maruti Mera Dosst,
Aayegi Nindiya Ankhiyon Ke,"['Shreya Ghoshal', 'KK']",Maruti Mera Dosst,https://www.youtube.com/watch?v=EIqECMswOaQ,['Kartik Shah'],2009,Maruti Mera Dosst,
Janki Nath Sahay,['Chandrachur Singh'],Maruti Mera Dosst,https://www.youtube.com/watch?v=7GIwKk6J6hE,['Kartik Shah'],2009,Maruti Mera Dosst,
Jai Hanuman Gyan Gun Sagar,['Various artists'],Maruti Mera Dosst,https://www.youtube.com/watch?v=_VjIcPYjMow,['Kartik Shah'],2009,Maruti Mera Dosst,
Pehle Toh Meri In Aankhon Par,['Shreya Ghoshal'],Mere Khwabon Mein Jo Aaye,http://www.youtube.com/watch?v=TVTdOHbULPU&feature=plcp,['Lalit Pandit'],2009,Mere Khwabon Mein Jo Aaye,
Sehmi Sehmi Si Ek Ladki,"['Alka Yagnik', 'Shaan', 'Lalit Pandit', 'Runa Rizvi', 'Clinton Cerejo']",Mere Khwabon Mein Jo Aaye,http://www.youtube.com/watch?v=Ob_5rEjpPMI&feature=related,['Lalit Pandit'],2009,Mere Khwabon Mein Jo Aaye,
Kabhi Kabhi,['Anushka Manchanda'],Mere Khwabon Mein Jo Aaye,http://www.youtube.com/watch?v=73dz0eG3dpQ,['Sidd Coutto'],2009,Mere Khwabon Mein Jo Aaye,
Kab Talak,['Caralisa Monteiro'],Mere Khwabon Mein Jo Aaye,http://www.youtube.com/watch?v=mYR8uExJ6uk,['Sidd Coutto'],2009,Mere Khwabon Mein Jo Aaye,
Pattharon Ke Bane In Shahron Mein,['Shaan'],Mere Khwabon Mein Jo Aaye,http://www.youtube.com/watch?v=9oxpfu9cyPc,['Lalit Pandit'],2009,Mere Khwabon Mein Jo Aaye,
Zindagi Mein Nayi Baat Hone Ko,['Aishwarya Nigam'],Mere Khwabon Mein Jo Aaye,http://www.youtube.com/watch?v=6Vy_ySy-DVg,['Lalit Pandit'],2009,Mere Khwabon Mein Jo Aaye,
Apni Khoyi Hui Pahchan Kahan Se Laoon,['Kailash Kher'],Mohandas,https://www.youtube.com/watch?v=FCl3OCHS5Kg,['Vivek Priyadarshan'],2009,Mohandas,
Nadi Mein Ye Chanda,"['Alka Yagnik', 'Shaan']",Mohandas,https://www.youtube.com/watch?v=4M1EB4pWgMc,['Vivek Priyadarshan'],2009,Mohandas,
Bol Tu Kaun Hai Be,['Kunal Ganjawala'],Mohandas,https://www.youtube.com/watch?v=8ISQhFXjy9k,['Vivek Priyadarshan'],2009,Mohandas,
Kaho Na Kaho Aise Batiya,['Sunidhi Chauhan'],Mohandas,https://www.youtube.com/watch?v=tor9QvCYo5A,['Vivek Priyadarshan'],2009,Mohandas,
Bol Tu Kaun Hai Be (Remix),['Kunal Ganjawala'],Mohandas,https://www.youtube.com/watch?v=SPHi_9fzLb8,['Vivek Priyadarshan'],2009,Mohandas,
Bhor Bhayo,"['Shreya Ghoshal', 'Joi Barua', 'Ustad Rashid Khan']",Morning Walk,http://www.youtube.com/watch?v=UrVJIxIWa58,['Jeet Ganguly'],2009,Morning Walk,
Manwa,"['Dibyendu Mukherjee', 'Ustad Rashid Khan']",Morning Walk,http://www.youtube.com/watch?v=tmKKm13dz14,['Jeet Ganguly'],2009,Morning Walk,
Meethi Meethi Baatein,"['Shaan', 'Shreya Ghoshal']",Morning Walk,http://www.youtube.com/watch?v=QgX9SU-yXRc,['Jeet Ganguly'],2009,Morning Walk,
Dolna Yaadon Ki Galiya Dolna,['Shreya Ghoshal'],Morning Walk,https://www.youtube.com/watch?v=r0lOIhF0oJE,['Jeet Ganguly'],2009,Morning Walk,
Aasman Chhoona Nahin,['Shaan'],Morning Walk,http://www.youtube.com/watch?v=H95chbXwclo,['Jeet Ganguly'],2009,Morning Walk,
Nachle,"['Shaan', 'Joi Barua', 'Nargis - I']",Morning Walk,http://www.youtube.com/watch?v=IQMljIkTl9s,['Jeet Ganguly'],2009,Morning Walk,
Hai Junoon,['KK'],New York,http://www.youtube.com/watch?v=FrZJNUTtBIY,['Pritam'],2009,New York,
Mere Sang,['Sunidhi Chauhan'],New York,https://www.youtube.com/watch?v=Lby5imWVHa8,['Pritam'],2009,New York,
Tune Jo Naa Kaha,['Mohit Chauhan'],New York,https://www.youtube.com/watch?v=dTu5dTEzVM4,['Pritam'],2009,New York,
Hai Junoon - Remix,['KK'],New York,http://www.youtube.com/watch?v=FrZJNUTtBIY,['Pritam'],2009,New York,
Mere Sang - Remix,['Sunidhi Chauhan'],New York,http://www.youtube.com/watch?v=ZkTImJEWesE&feature=fvst,['Pritam'],2009,New York,
Mudi Mudi Ittefaq Se,['Shilpa Rao'],Paa,http://www.youtube.com/watch?v=LVJAip8ybRU&feature=plcp,['Ilaiyaraaja'],2009,Paa,
Gumm Summ Gumm,"['Shravan', 'R. Bavatharini']",Paa,http://www.youtube.com/watch?v=ESQJh7dFmc8&feature=plcp,['Ilaiyaraaja'],2009,Paa,
Udi Udi Ittefaq Se,['Shilpa Rao'],Paa,http://www.youtube.com/watch?v=68WesJ9kgyI,['Ilaiyaraaja'],2009,Paa,
Hichki Hichki,['Sunidhi Chauhan'],Paa,http://www.youtube.com/watch?v=th7Nbf2mH6M&feature=plcp,['Ilaiyaraaja'],2009,Paa,
Gali Mudi Ittefaq Se,['Shaan'],Paa,http://www.youtube.com/watch?v=iZw8mX6Qr6o,['Ilaiyaraaja'],2009,Paa,
Halke Se Bole,['Various artists'],Paa,https://www.youtube.com/watch?v=DYD5Urs-Ga8,['Ilaiyaraaja'],2009,Paa,
Mere Paa,['Amitabh Bachchan'],Paa,https://www.youtube.com/watch?v=2z15TtaXsAg,['Ilaiyaraaja'],2009,Paa,
Paa Theme,['Amitabh Bachchan'],Paa,http://www.youtube.com/watch?v=n65LNZyoE8M&feature=plcp,['Ilaiyaraaja'],2009,Paa,
Jack And Jill,"['Shaan', ""Earl Edgar D'Souza""]",Paying Guests,https://www.youtube.com/watch?v=E_ifoyf2Vkk,['Sajid - Wajid'],2009,Paying Guests,
Paying Guests,['Wajid Khan'],Paying Guests,https://www.youtube.com/watch?v=uNIa9J-OP7E,['Sajid - Wajid'],2009,Paying Guests,
Ya Rabbula Rabbi,"['Amrita Kak', 'Sonu Nigam', ""Earl Edgar D'Souza""]",Paying Guests,https://www.youtube.com/watch?v=qD2zKHnd8-g,['Sajid - Wajid'],2009,Paying Guests,
Dekho Ji Dekho,"['Sunidhi Chauhan', 'Dibyendu Mukherjee']",Phir Kabhi,http://www.youtube.com/watch?v=M5zdQGDK08Y,['Shantanu Moitra'],2009,Phir Kabhi,
Phir Kabhi (Gun Gun Gun Man Ka Bhanwra),"['Shaan', 'Shantanu Moitra']",Phir Kabhi,http://www.youtube.com/watch?v=ZgeGsAfSWPs,['Shantanu Moitra'],2009,Phir Kabhi,
Bhai Re Palat Ke Zindagi,"['Ajay Jhingran', 'Shreya Ghoshal']",Phir Kabhi,http://www.youtube.com/watch?v=YVBcaa0zBHw,['Shantanu Moitra'],2009,Phir Kabhi,
Jheeni Jheeni Jhilmilaati,"['Hamsika Iyer', 'Bhupinder Singh']",Phir Kabhi,http://www.youtube.com/watch?v=ccmPTGFR_VU,['Shantanu Moitra'],2009,Phir Kabhi,
Dialogue Mix,['Sagar Desai'],Quick Gun Murugun,https://www.youtube.com/watch?v=tYcJT41V88o,['Ankur Tewari'],2009,Quick Gun Murugun,
Murugan Superstar,"['Raghu Dixit', 'Ranina Reddy']",Quick Gun Murugun,https://www.youtube.com/watch?v=MHW5jKXyCFI,['Raghu Dixit'],2009,Quick Gun Murugun,
Mind It (Tamil Bhangra),['Mika Singh'],Quick Gun Murugun,https://www.youtube.com/watch?v=PPBP1-BiFJE,['Sagar Desai'],2009,Quick Gun Murugun,
Kyoon Keeda Hai Aapko?,['Vijay Prakash'],Quick Gun Murugun,https://www.youtube.com/watch?v=G8NUuh9UtK8,['Sagar Desai'],2009,Quick Gun Murugun,
Chat Mangni Lover,['Vijay Prakash'],Quick Gun Murugun,https://www.youtube.com/watch?v=2MTFXwWYy5M,['Traditional'],2009,Quick Gun Murugun,
Kuchi Kuchi Twist,"['Vijay Prakash', 'Hamsika Iyer']",Quick Gun Murugun,https://www.youtube.com/watch?v=FIvYuVTqcvM,['Traditional'],2009,Quick Gun Murugun,
Raat Gayi Baat Gayi,"['Ankur Tewari', 'Anushka Manchanda']","Raat Gayi, Baat Gayi?",https://www.youtube.com/watch?v=mGLfOhIvpGY,['Ankur Tewari'],2009,"Raat Gayi, Baat Gayi?",
Love in C Major,"['Ankur Tewari', 'Sidd Coutto']","Raat Gayi, Baat Gayi?",http://www.youtube.com/watch?v=5OS3gy7L-LA&feature=plcp,['Ankur Tewari'],2009,"Raat Gayi, Baat Gayi?",
Bade Shehar Ke Bade Nakhre,['Anushka Manchanda'],"Raat Gayi, Baat Gayi?",https://www.youtube.com/watch?v=iLnt7sRsEr0,['Ankur Tewari'],2009,"Raat Gayi, Baat Gayi?",
Ye Mohabbat,['Ankur Tewari'],"Raat Gayi, Baat Gayi?",https://www.youtube.com/watch?v=s3LEMiS7o3M,['Ankur Tewari'],2009,"Raat Gayi, Baat Gayi?",
Yaari,"['June Bannerjee', 'Anurag Sharma - I']","Raat Gayi, Baat Gayi?",https://www.youtube.com/watch?v=qliAjuwENkQ,['Ankur Tewari'],2009,"Raat Gayi, Baat Gayi?",
Don't Play Love,"['Sidd Coutto', 'Gaurav Kapoor']","Raat Gayi, Baat Gayi?",https://www.youtube.com/watch?v=2KB3G4CfHo0,['Ankur Tewari'],2009,"Raat Gayi, Baat Gayi?",
Kyon,['Ankur Tewari'],"Raat Gayi, Baat Gayi?",https://www.youtube.com/watch?v=i5W_aiaG2qc,['Ankur Tewari'],2009,"Raat Gayi, Baat Gayi?",
Bade Shehar Ke Bade Nakhre (Jazz),['Anushka Manchanda'],"Raat Gayi, Baat Gayi?",https://www.youtube.com/watch?v=lc2uaQaVkZU,['Ankur Tewari'],2009,"Raat Gayi, Baat Gayi?",
Raat Gayi Baat Gayi - Remix,"['Ankur Tewari', 'Anushka Manchanda']","Raat Gayi, Baat Gayi?",https://www.youtube.com/watch?v=u2iIKaee2A0,['Ankur Tewari'],2009,"Raat Gayi, Baat Gayi?",
Love In C Major - Remix,"['Ankur Tewari', 'Sidd Coutto']","Raat Gayi, Baat Gayi?",https://www.youtube.com/watch?v=iHAB3yxh6Hk,['Ankur Tewari'],2009,"Raat Gayi, Baat Gayi?",
Maahi,['Toshi Sabri'],Raaz : The Mystery Continues,https://www.youtube.com/watch?v=e1edxTqJnKk,['Sharib - Toshi'],2009,Raaz : The Mystery Continues,
Soniyo,"['Sonu Nigam', 'Shreya Ghoshal', 'Neeraj Shridhar']",Raaz : The Mystery Continues,https://www.youtube.com/watch?v=owJQROW35Ow,['Raju Singh'],2009,Raaz : The Mystery Continues,
O Jaana,['KK'],Raaz : The Mystery Continues,https://www.youtube.com/watch?v=gBxOfn9XT48,['Raju Singh'],2009,Raaz : The Mystery Continues,
Kaisa Ye Raaz Hai,['KK'],Raaz : The Mystery Continues,https://www.youtube.com/watch?v=w7ZcyUor9nM,['Pranay M. Rijia'],2009,Raaz : The Mystery Continues,
Bandaa Re,['Krishna Beura'],Raaz : The Mystery Continues,https://www.youtube.com/watch?v=STd4bU92uhQ,['Gourav Dasgupta'],2009,Raaz : The Mystery Continues,
Soniyo (From The Heart),['Krishna Beura'],Raaz : The Mystery Continues,https://www.youtube.com/watch?v=sJ2aDuQFeco,['Raju Singh'],2009,Raaz : The Mystery Continues,
Mann Ka Radio,['Himesh Reshammiya'],Radio,http://www.youtube.com/watch?v=t1mTI66nUEU,['Himesh Reshammiya'],2009,Radio,
Zindagi Jaise Ek Radio,['Himesh Reshammiya'],Radio,http://www.youtube.com/watch?v=AWVeDzfO_K8,['Himesh Reshammiya'],2009,Radio,
Jaaneman,"['Himesh Reshammiya', 'Shreya Ghoshal']",Radio,http://www.youtube.com/watch?v=NSvvvgGwtNA,['Himesh Reshammiya'],2009,Radio,
Piya Jaise Laddoo Motichur Wale,"['Himesh Reshammiya', 'Rekha Bhardwaj']",Radio,http://www.youtube.com/watch?v=VWVnX98uR00,['Himesh Reshammiya'],2009,Radio,
Koi Naa Koi Chahe,"['Himesh Reshammiya', 'Shreya Ghoshal']",Radio,http://www.youtube.com/watch?v=vMLnVovVtaU,['Himesh Reshammiya'],2009,Radio,
Teri Meri Dosti Ka Aasman,"['Himesh Reshammiya', 'Shreya Ghoshal']",Radio,http://www.youtube.com/watch?v=u-vMLqkd8ZQ,['Himesh Reshammiya'],2009,Radio,
Daamadji Angna Hain Padhare,"['Himesh Reshammiya', 'Kailash Kher']",Radio,http://www.youtube.com/watch?v=mkV1JPBlU4Y,['Himesh Reshammiya'],2009,Radio,
Shaam Ho Chali Hai,"['Himesh Reshammiya', 'Shreya Ghoshal']",Radio,http://www.youtube.com/watch?v=7Bif4yP0uAY,['Himesh Reshammiya'],2009,Radio,
Rafa Dafa Kiya Nahin Jaaye,['Himesh Reshammiya'],Radio,http://www.youtube.com/watch?v=JLPgkZfnYu8,['Himesh Reshammiya'],2009,Radio,
Zindagi Jaise Ek Radio - Remix,['Himesh Reshammiya'],Radio,https://www.youtube.com/watch?v=oBamV8ar8Jk,['Himesh Reshammiya'],2009,Radio,
Mann Ka Radio - Remix,['Himesh Reshammiya'],Radio,https://www.youtube.com/watch?v=0cf2evMGP5o,['Himesh Reshammiya'],2009,Radio,
Piya Jaise Laddoo Motichur Wale - Remix,"['Himesh Reshammiya', 'Rekha Bhardwaj']",Radio,https://www.youtube.com/watch?v=kTXNTrMeVLw,['Himesh Reshammiya'],2009,Radio,
Rooth Jaana Tum Agar,['Kumar Sanu'],Raftaar - An Obsession,https://www.youtube.com/watch?v=PnaI9zMaTjs,['Nitin Raikwar'],2009,Raftaar - An Obsession,
Toote Jaise Tare,['Sukhwinder Singh'],Raftaar - An Obsession,https://www.youtube.com/watch?v=ODs9DLzBK9s,['Nitin Raikwar'],2009,Raftaar - An Obsession,
Aaj Ki Raat,['Preeta Mazumdar'],Raftaar - An Obsession,https://www.youtube.com/watch?v=lyGKTTn3lO0,['Nitin Raikwar'],2009,Raftaar - An Obsession,
Raftaar,['Nisha Lalwani'],Raftaar - An Obsession,https://www.youtube.com/watch?v=enqWRf53KgA,['Nitin Raikwar'],2009,Raftaar - An Obsession,
Thar Thar Kaanpe Swarg,"['John - II', 'Dilip Naik - I']",Ravana,https://www.youtube.com/watch?v=-cBpoVPPROo,['Debjit'],2009,Ravana,
Yudham Yudham,"['John - II', 'Dilip Naik - I']",Ravana,http://www.youtube.com/watch?v=CdTBOT0SKx4,['Debjit'],2009,Ravana,
Dashrath Nandan,['Rupali - II'],Ravana,https://www.youtube.com/watch?v=PNWadS25cNA,['Debjit'],2009,Ravana,
Dam Mast Kalander Mast Mast,['Rahat Fateh Ali Khan'],Remembering Nusrat - A Tribute To Ustad Nusrat Fateh Ali Khan,http://www.youtube.com/watch?v=Pdh4TKNGIEY,['Rahat Fateh Ali Khan'],2009,,
Piya Re Piya Re,['Rahat Fateh Ali Khan'],Remembering Nusrat - A Tribute To Ustad Nusrat Fateh Ali Khan,http://www.youtube.com/watch?v=OqQHsbDqbIg,['Rahat Fateh Ali Khan'],2009,,
Jhule Lal,['Rahat Fateh Ali Khan'],Remembering Nusrat - A Tribute To Ustad Nusrat Fateh Ali Khan,http://www.youtube.com/watch?v=3m-QuHGtDtU,['Rahat Fateh Ali Khan'],2009,,
Afreen Afreen,['Rahat Fateh Ali Khan'],Remembering Nusrat - A Tribute To Ustad Nusrat Fateh Ali Khan,http://www.youtube.com/watch?v=f06HHhUBn3Q,['Rahat Fateh Ali Khan'],2009,,
Tere Bin Nahi Lagta,['Rahat Fateh Ali Khan'],Remembering Nusrat - A Tribute To Ustad Nusrat Fateh Ali Khan,http://www.youtube.com/watch?v=eocphbw_4P0,['Rahat Fateh Ali Khan'],2009,,
Woh Hata Rahe Hain Parda,['Rahat Fateh Ali Khan'],Remembering Nusrat - A Tribute To Ustad Nusrat Fateh Ali Khan,http://www.youtube.com/watch?v=DkR7whGc5Kk,['Rahat Fateh Ali Khan'],2009,,
Pocket Mein Rocket,['Benny Dayal'],Rocket Singh - Salesman Of The Year,http://www.youtube.com/watch?v=l7LLlymgJJE,['Salim - Sulaiman'],2009,Rocket Singh - Salesman Of The Year,
Gadbadi Hadbadi,['Vishal Dadlani'],Rocket Singh - Salesman Of The Year,http://www.youtube.com/watch?v=j-Uzlxy6TC8&feature=plcp,['Salim - Sulaiman'],2009,Rocket Singh - Salesman Of The Year,
Pankhon Ko,['Salim Merchant'],Rocket Singh - Salesman Of The Year,http://www.youtube.com/watch?v=Ox-d84A3tuw&feature=plcp,['Salim - Sulaiman'],2009,Rocket Singh - Salesman Of The Year,
Maula Maula,['Harshdeep Kaur'],Rubaru,http://www.youtube.com/watch?v=UqNV06_j35A,['Rajeev K. Mahavir'],2009,,
Khuda Ke Liye,['Mustafa Zahid'],Runway,http://www.youtube.com/watch?v=pVtW_pbwXZ0&feature=plcp,['Shamir Tandon'],2009,Runway,
Tere Yaadein Leke Dil Mein,['KK'],Runway,http://www.youtube.com/watch?v=iUeYJa7-byA&feature=plcp,['Shamir Tandon'],2009,Runway,
Roshan Dil Ka Jahan,"['Shaan', 'Sunidhi Chauhan']",Runway,http://www.youtube.com/watch?v=vcho6nXXy5Q&feature=plcp,['Shamir Tandon'],2009,Runway,
Pyaasi Machhariya,"['Sunidhi Chauhan', 'Ravindra Upadhyay']",Runway,http://www.youtube.com/watch?v=MdZYLe_flVw,['Shamir Tandon'],2009,Runway,
Roshan Dil Ka Jahan (Dance Mix),"['Sunidhi Chauhan', 'Raaj Gopal Iyer']",Runway,https://www.youtube.com/watch?v=W1_KITDMeDg,['Shamir Tandon'],2009,Runway,
Teri Yaadein (Remix),['KK'],Runway,http://www.youtube.com/watch?v=ytDDVaDcu1k&feature=plcp,['Shamir Tandon'],2009,Runway,
Khuda Ke Liye (Remix),['Mustafa Zahid'],Runway,http://www.youtube.com/watch?v=HDhr27P853A&feature=plcp,['Shamir Tandon'],2009,Runway,
Maula Maula,['Master Saleem'],Ruslaan,http://www.youtube.com/watch?v=iCqexQakyKU,['Raees Jamal Khan'],2009,Ruslaan,
Har Ek Lamhe Mein Tu Hi Hai Shaamil,"['Sunidhi Chauhan', 'Javed Ali']",Ruslaan,http://www.youtube.com/watch?v=FXYNHIvqQSE,['Raees Jamal Khan'],2009,Ruslaan,
Sanam Yeh Pyar Hi To Hai,"['Kumar Sanu', 'Sunanda - II']",Sanam Teri Kasam,https://www.youtube.com/watch?v=YjvFdeXohUs,['Nadeem - Shravan'],2009,Sanam Teri Kasam,
Main Dil Ki Dil Mein,"['Kumar Sanu', 'Pankaj Udhas']",Sanam Teri Kasam,https://www.youtube.com/watch?v=Sf3jeJBbIsI,['Nadeem - Shravan'],2009,Sanam Teri Kasam,
Itna Bhi Na Chaho Mujhe,"['Kumar Sanu', 'Alka Yagnik']",Sanam Teri Kasam,https://www.youtube.com/watch?v=ThxK66BiJNg,['Nadeem - Shravan'],2009,Sanam Teri Kasam,
Ek Baar Ek Baar Pyar Se Tu Bol,"['Kumar Sanu', 'Poornima']",Sanam Teri Kasam,https://www.youtube.com/watch?v=JPX8souk2p4,['Nadeem - Shravan'],2009,Sanam Teri Kasam,
Main Pyar Tumse Karta Hoon,['Kumar Sanu'],Sanam Teri Kasam,https://www.youtube.com/watch?v=t-fyhFbkohA,['Nadeem - Shravan'],2009,Sanam Teri Kasam,
Mumbai One Way Nagri Hai,"['Ranjit Barot', 'Sukhwinder Singh']",Sankat City,https://www.youtube.com/watch?v=o8DIGVuWkAM,['Ranjit Barot'],2009,Sankat City,
Mister Hua Hai Aisa Haal Kyun,['June Bannerjee'],Sankat City,https://www.youtube.com/watch?v=bc_LU3YRJuQ,['Ranjit Barot'],2009,Sankat City,
Sha La La (She Is A Bad Girl),['Ranjit Barot'],Sankat City,https://www.youtube.com/watch?v=Fiwb9fzPWCg,['Ranjit Barot'],2009,Sankat City,
You Can Do It Shaabash,['Soham Chakraborty'],Shaabash! You Can Do It,https://www.youtube.com/watch?v=fkizFEIQLf0,['Santokh Singh Dhaliwal'],2009,Shaabash! You Can Do It,
Ek Haqeeqat Tum Lagte Ho,"['Javed Ali', 'Lavanya']",Shaabash! You Can Do It,https://www.youtube.com/watch?v=pW6eajy8AAw,['Santokh Singh Dhaliwal'],2009,Shaabash! You Can Do It,
Me Myself,['Kunal Ganjawala'],Shaabash! You Can Do It,https://www.youtube.com/watch?v=r96vHWd_dP8,['Santokh Singh Dhaliwal'],2009,Shaabash! You Can Do It,
Lagta Nahi Dil,['Soham Chakraborty'],Shaabash! You Can Do It,https://www.youtube.com/watch?v=PiBfojbHyqw,['Santokh Singh Dhaliwal'],2009,Shaabash! You Can Do It,
Kiss Me One More Time,['Sunidhi Chauhan'],Shaabash! You Can Do It,https://www.youtube.com/watch?v=p6FKt8ojT5U,['Santokh Singh Dhaliwal'],2009,Shaabash! You Can Do It,
Main Hi Main Hoon,"['Krishna Beura', 'Nakash Aziz', 'Rahul B. Seth']",Shaabash! You Can Do It,https://www.youtube.com/watch?v=k6dEZCIqmbA,['Santokh Singh Dhaliwal'],2009,Shaabash! You Can Do It,
Main Hi Main Hoon (Bonus),"['Krishna Beura', 'Nakash Aziz', 'Rahul B. Seth']",Shaabash! You Can Do It,https://www.youtube.com/watch?v=8hwlvLIdA0Q,['Santokh Singh Dhaliwal'],2009,Shaabash! You Can Do It,
Patli Gali,['Shankar Mahadevan'],Short Kut - The Con Is On,http://www.youtube.com/watch?v=A2F6d6MzaC8,['Shankar - Ehsaan - Loy'],2009,Short Kut - The Con Is On,
Kyun Hota Hai Dil Deewana (Pal Pal),"['Javed Ali', 'Shreya Ghoshal']",Short Kut - The Con Is On,http://www.youtube.com/watch?v=dbSE6oN2GwQ,['Shankar - Ehsaan - Loy'],2009,Short Kut - The Con Is On,
Kal Nau Baje,"['Sonu Nigam', 'Alka Yagnik']",Short Kut - The Con Is On,http://www.youtube.com/watch?v=qb4g9tAMvg0,['Shankar - Ehsaan - Loy'],2009,Short Kut - The Con Is On,
Mareeze Mohabbat,['Keerthi Sagathia'],Short Kut - The Con Is On,http://www.youtube.com/watch?v=uwlOmRXRz1s,['Shankar - Ehsaan - Loy'],2009,Short Kut - The Con Is On,
Patli Gali (Remix),['Shankar Mahadevan'],Short Kut - The Con Is On,https://www.youtube.com/watch?v=r8_fimb8aNc,['Shankar - Ehsaan - Loy'],2009,Short Kut - The Con Is On,
Mareeze Mohabbat (Remix),['Keerthi Sagathia'],Short Kut - The Con Is On,https://www.youtube.com/watch?v=60jkQUjiSks,['Shankar - Ehsaan - Loy'],2009,Short Kut - The Con Is On,
Dhoop Ke Sikke,"['Shankar Mahadevan', 'Anusha Mani']",Sikandar,https://www.youtube.com/watch?v=NMc6QVf7d0k,['Shankar - Ehsaan - Loy'],2009,Sikandar,
Gulon Mein Rang Bhare (Serene Version),['Mohit Chauhan'],Sikandar,https://www.youtube.com/watch?v=VxKMJeWRLIc,['Justin - Uday'],2009,Sikandar,
Arzoo - Naat,['Mehrajuddin'],Sikandar,https://www.youtube.com/watch?v=ui8-mdkG99g,['Traditional'],2009,Sikandar,
Allah Hoo,['Yash Narvekar'],Sikandar,https://www.youtube.com/watch?v=82D3osOqUys,['Justin - Uday'],2009,Sikandar,
Gulon Mein Rang Bhare (Upbeat Version),['KK'],Sikandar,https://www.youtube.com/watch?v=IDFEQgGCz6I,['Sandesh Shandilya'],2009,Sikandar,
Manzaraat,['Shilpa Rao'],Sikandar,https://www.youtube.com/watch?v=ptH45jsOevY,['Justin - Uday'],2009,Sikandar,
Chaal Apni,['Hamsika Iyer'],Sikandar,https://www.youtube.com/watch?v=hHIOFqIhpEw,['Justin - Uday'],2009,Sikandar,
Jai Ho,"['Sukhwinder Singh', 'Tanvi Shah', 'Mahalakshmi Iyer', 'Vijay Prakash']",Slumdog Millionaire,http://www.youtube.com/watch?v=xwwAVRyNmgQ&feature=plcp,['A.R. Rahman'],2009,,
Dreams On Fire,"[""Suzanne D'Mello""]",Slumdog Millionaire,https://www.youtube.com/watch?v=XMFA3HfITx4,['A.R. Rahman'],2009,,
Neeli Shirt,['Ali Haider'],Stop And Think,http://www.youtube.com/watch?v=RUwahluRQjg,['Ali Haider'],2009,,
Saanson Ka Rukna,['Suraj Jagan'],Straight,http://www.youtube.com/watch?v=Ae31SptdIHQ,['Sagar Desai'],2009,Straight,
Meri Amma Suno Mera Kehna,"['Antara Chowdhury', 'Apurva Monga']",Suno Na: Ek Nanhi Aawaz,http://www.youtube.com/watch?v=mQvEt31ZMFk,['Sanjoy Chowdhury'],2009,Suno Na: Ek Nanhi Aawaz,
Deewana Ab Dil Na Maane,['Shaan'],Suno Na: Ek Nanhi Aawaz,http://www.youtube.com/watch?v=KNCzupJdZn4,['Sanjoy Chowdhury'],2009,Suno Na: Ek Nanhi Aawaz,
Pal Aaya Suhana,"['Kunal Ganjawala', 'Richa Sharma']",Suno Na: Ek Nanhi Aawaz,http://www.youtube.com/watch?v=396SVJVbSAE,['Sanjoy Chowdhury'],2009,Suno Na: Ek Nanhi Aawaz,
Zindagi Uljhano Se Bhari,['Antara Chowdhury'],Suno Na: Ek Nanhi Aawaz,https://www.youtube.com/watch?v=-xuKATUiEz4,['Sanjoy Chowdhury'],2009,Suno Na: Ek Nanhi Aawaz,
Ja Bairi Ja Badra,['Shubha Rege'],Suno Na: Ek Nanhi Aawaz,https://www.youtube.com/watch?v=BFOpp9KDn50,['Sanjoy Chowdhury'],2009,Suno Na: Ek Nanhi Aawaz,
Girls Rock The World,['Rekha Rao'],Suno Na: Ek Nanhi Aawaz,https://www.youtube.com/watch?v=LyKLCuCyPbo,['Sanjoy Chowdhury'],2009,Suno Na: Ek Nanhi Aawaz,
Chika Chika Boom,"['Sunidhi Chauhan', 'Daboo Malik']",Team - The Force,http://www.youtube.com/watch?v=jvG6m_YpZGg,['Daboo Malik'],2009,Team - The Force,
Hamaara Haal,['Shreya Ghoshal'],Team - The Force,http://www.youtube.com/watch?v=xZep9bsBx_g,['Daboo Malik'],2009,Team - The Force,
Kal Tak To,"['Shreya Ghoshal', 'Babul Supriyo']",Team - The Force,https://www.youtube.com/watch?v=1HDsTufm0Ho,['Daboo Malik'],2009,Team - The Force,
Satrangi,"['Sunidhi Chauhan', 'Vinod Rathod']",Team - The Force,http://www.youtube.com/watch?v=AJDn_BK_X7E,['Daboo Malik'],2009,Team - The Force,
Satrangi (Remix),['Daboo Malik'],Team - The Force,https://www.youtube.com/watch?v=oXW8EE1LLow,['Daboo Malik'],2009,Team - The Force,
Kal Tak To (Unplugged),['Daboo Malik'],Team - The Force,https://www.youtube.com/watch?v=v8ODaJ3c_R4,['Daboo Malik'],2009,Team - The Force,
Tum Ho Jo Kareeb,['Shreya Ghoshal'],Three - Love Lies Betrayal,http://www.youtube.com/watch?v=LtUCeNCu-h8,['Chirantan Bhatt'],2009,Three - Love Lies Betrayal,
The Beat Is Really Thumping,['Jaspreet Singh'],Three - Love Lies Betrayal,https://www.youtube.com/watch?v=HIKDLAkqYXM,['Chirantan Bhatt'],2009,Three - Love Lies Betrayal,
Hamein Pyaar Karo,['Nandini Srikar'],Three - Love Lies Betrayal,http://www.youtube.com/watch?v=vWEsEm6YMGk,['Chirantan Bhatt'],2009,Three - Love Lies Betrayal,
Kabhi Mujhe,['Sunidhi Chauhan'],Three - Love Lies Betrayal,http://www.youtube.com/watch?v=VC9BZj03YMo,['Chirantan Bhatt'],2009,Three - Love Lies Betrayal,
Driving Me Crazy,['Hamza Faruqui'],Three - Love Lies Betrayal,http://www.youtube.com/watch?v=cnhS3npHybU,['Chirantan Bhatt'],2009,Three - Love Lies Betrayal,
Rupaiya,['Sandesh Shandilya'],Toss,https://www.youtube.com/watch?v=f_F2iB-DoMY,['Sandesh Shandilya'],2009,Toss,
Meri Khamoshi,['Vijay Prakash'],Toss,https://www.youtube.com/watch?v=EXPtF-irn3U,['Sandesh Shandilya'],2009,Toss,
Aish Aish,['Labh Janjua'],Toss,https://www.youtube.com/watch?v=HsQsEZubW64,['Siddharth - Suhas'],2009,Toss,
Abe Saale,['Sonu Kakkar'],Toss,https://www.youtube.com/watch?v=pzH7nt-hFEg,['Siddharth - Suhas'],2009,Toss,
Chalte Chalo,"['Suraj Jagan', 'Sunayna Mukherjee']",Toss,https://www.youtube.com/watch?v=bWzTNX8WnhQ,['Siddharth - Suhas'],2009,Toss,
Abe Saale - Remix,['Sonu Kakkar'],Toss,https://www.youtube.com/watch?v=SI0XHSiZHs4,['Siddharth - Suhas'],2009,Toss,
Aish Aish - Remix,['Labh Janjua'],Toss,https://www.youtube.com/watch?v=KuDWvDVvFwI,['Siddharth - Suhas'],2009,Toss,
Tu Hi Mera,['Mithoon'],Tuhi Mere Rab Ki Tarha Hai,http://www.youtube.com/watch?v=9dyBH723XPs,['Mithoon'],2009,,
Har Jagah Mein,['Mithoon'],Tuhi Mere Rab Ki Tarha Hai,http://www.youtube.com/watch?v=MVVPlLGnKW0,['Mithoon'],2009,,
Kuchh Dard,['Mithoon'],Tuhi Mere Rab Ki Tarha Hai,http://www.youtube.com/watch?v=S-nThvzxJLI&feature=fvst,['Mithoon'],2009,,
Aashiqui Aashiqui,['Mithoon'],Tuhi Mere Rab Ki Tarha Hai,http://www.youtube.com/watch?v=AWOopJz2yyA,['Mithoon'],2009,,
Tu Hai,['Mithoon'],Tuhi Mere Rab Ki Tarha Hai,https://www.youtube.com/watch?v=AQF_H10gtaY,['Mithoon'],2009,,
Ab To Har Roz,['Mithoon'],Tuhi Mere Rab Ki Tarha Hai,https://www.youtube.com/watch?v=bc5ZtgDI-gw,['Mithoon'],2009,,
Mujhe Ishq De,['Mithoon'],Tuhi Mere Rab Ki Tarha Hai,https://www.youtube.com/watch?v=9G6kqfQH1lk,['Mithoon'],2009,,
Tu Hi Mera (In The Club),['Mithoon'],Tuhi Mere Rab Ki Tarha Hai,http://www.youtube.com/watch?v=Es7pVSMFj9Q,['Mithoon'],2009,,
Aashiqui Aashiqui (Stomp Mix),['Mithoon'],Tuhi Mere Rab Ki Tarha Hai,https://www.youtube.com/watch?v=tIj44ScO8CI,['Mithoon'],2009,,
Tum Mile,['Neeraj Shridhar'],Tum Mile,https://www.youtube.com/watch?v=w6AZ52kaWTw,['Pritam'],2009,Tum Mile,
Dil Ibaadat,['KK'],Tum Mile,https://www.youtube.com/watch?v=BAeGLiBZuiQ,['Pritam'],2009,Tum Mile,
Tu Hi Haqeeqat,"['Javed Ali', 'Irfan Ashraf', 'Shadab Faridi']",Tum Mile,https://www.youtube.com/watch?v=x3bJeJDgRJQ,['Pritam'],2009,Tum Mile,
Is Jahaan Mein,['Mohit Chauhan'],Tum Mile,https://www.youtube.com/watch?v=EQUh7__7bBQ,['Pritam'],2009,Tum Mile,
Tum Mile - Love Reprise,['Javed Ali'],Tum Mile,https://www.youtube.com/watch?v=SPd2I5mtFSg,['Pritam'],2009,Tum Mile,
O Meri Jaan,['KK'],Tum Mile,https://www.youtube.com/watch?v=W2MQFDkuIDA,['Pritam'],2009,Tum Mile,
Vaada Raha,['Toshi Sabri'],Vaada Raha,http://www.youtube.com/watch?v=iRysQt7Cko8&feature=plcp,['Sharib - Toshi'],2009,Vaada Raha,
Rab Naa Kare,['Babbu Maan'],Vaada Raha,http://www.youtube.com/watch?v=adcJoBu5j2Y&feature=plcp,['Babbu Maan'],2009,Vaada Raha,
Kubul,"['Parthiv Gohil', 'Shail Hada', 'Sharmistha Chatterjee']",Vaada Raha,http://www.youtube.com/watch?v=tK3_nZCF_bs&feature=plcp,['Monty Sharma'],2009,Vaada Raha,
Aaj Aasman,"['Shaan', 'Shweta Pandit']",Vaada Raha,http://www.youtube.com/watch?v=Dp-wtEoQIxs&feature=plcp,"['Rahul B. Seth', 'Sandy']",2009,Vaada Raha,
Money Money Money,"['Anushka Manchanda', 'Krishna Beura']",Victory,http://www.youtube.com/watch?v=tfqWC_XJD2w,['Anu Malik'],2009,Victory,
Balla Utha Chhakka Laga,"['Sukhwinder Singh', 'Daler Mehndi']",Victory,http://www.youtube.com/watch?v=g_rI6p8Mvjs,['Anu Malik'],2009,Victory,
Aisa Toh Socha Na Tha,['KK'],Victory,http://www.youtube.com/watch?v=18PnqRsbnA4,['Anu Malik'],2009,Victory,
Kirkit Hai Hamara Jeevan Bole India Saara (We Love Cricket),['Kailash Kher'],Victory,http://www.youtube.com/watch?v=KGFr0U2golM,['Anu Malik'],2009,Victory,
Tu Ne Re,['Shaan'],Victory,http://www.youtube.com/watch?v=pxyQFJHNRIo,['Anu Malik'],2009,Victory,
Victory,['Dibyendu Mukherjee'],Victory,http://www.youtube.com/watch?v=6SVzUYlgk1c,['Anu Malik'],2009,Victory,
Mazaa Aa Gaya,"['Sonu Nigam', 'Suresh Wadkar', 'Sudesh Bhosle', 'Altaf Raja', 'Sumitra Iyer', 'Mahalakshmi Iyer']",Victory,http://www.youtube.com/watch?v=O0J0-HNG6tM,['Anu Malik'],2009,Victory,
Wake Up Sid!,['Shankar Mahadevan'],Wake Up Sid,https://www.youtube.com/watch?v=ezgYup6T5Vw,['Shankar - Ehsaan - Loy'],2009,Wake Up Sid,
Kya Karoon,['Clinton Cerejo'],Wake Up Sid,http://www.youtube.com/watch?v=nHCwoQk8ToA,['Shankar - Ehsaan - Loy'],2009,Wake Up Sid,
Aaj Kal Zindagi,['Shankar Mahadevan'],Wake Up Sid,http://www.youtube.com/watch?v=KWA0_kI5PKk,['Shankar - Ehsaan - Loy'],2009,Wake Up Sid,
Iktara,"['Kavita Seth', 'Amitabh Bhattacharya']",Wake Up Sid,http://www.youtube.com/watch?v=fSS_R91Nimw,['Amit Trivedi'],2009,Wake Up Sid,
Life Is Crazy,"['Uday Benegal', 'Shankar Mahadevan']",Wake Up Sid,https://www.youtube.com/watch?v=w-KRoOrhHLo,['Shankar - Ehsaan - Loy'],2009,Wake Up Sid,
Wake Up Sid! - Club Mix,['Shankar Mahadevan'],Wake Up Sid,https://www.youtube.com/watch?v=ezgYup6T5Vw,['Shankar - Ehsaan - Loy'],2009,Wake Up Sid,
Iktara (Male),"['Tochi Raina', 'Amitabh Bhattacharya', 'Raman Mahadevan']",Wake Up Sid,https://www.youtube.com/watch?v=fTtPg6CSeHk,['Amit Trivedi'],2009,Wake Up Sid,
Love Me Love Me,"['Wajid Khan', 'Amrita Kak']",Wanted,http://www.youtube.com/watch?v=cFnm2FE5WPA&feature=plcp,['Sajid - Wajid'],2009,Wanted,
Ishq Vishq,"['Kamaal Khan', 'Sunidhi Chauhan', ""Suzanne D'Mello""]",Wanted,http://www.youtube.com/watch?v=i46XbNVGh3Q&feature=plcp,['Sajid - Wajid'],2009,Wanted,
Dil Leke Dard-E-Dil De Gaye,"['Shaan', 'Shreya Ghoshal']",Wanted,http://www.youtube.com/watch?v=9C008fKT5VM&feature=plcp,['Sajid - Wajid'],2009,Wanted,
Le Le Mazaa Le,['Nikita Nigam'],Wanted,http://www.youtube.com/watch?v=Q7kv9nuhTB8&feature=plcp,['Sajid - Wajid'],2009,Wanted,
Jalwa,['Wajid Khan'],Wanted,http://www.youtube.com/watch?v=NapGAjs2nXE&feature=plcp,['Sajid - Wajid'],2009,Wanted,
Tose Pyar Karte Hain,"['Wajid Khan', 'Sunidhi Chauhan']",Wanted,http://www.youtube.com/watch?v=cRi6qwYBn3M&feature=plcp,['Sajid - Wajid'],2009,Wanted,
Most Wanted Track,['Salman Khan'],Wanted,http://www.youtube.com/watch?v=EkGAm8GbF4U&feature=plcp,['Sajid - Wajid'],2009,Wanted,
Love Me Love Me (Mama Papa Mix),"['Wajid Khan', 'Amrita Kak']",Wanted,http://www.youtube.com/watch?v=EkUWJ4g2RwQ&feature=plcp,['Sajid - Wajid'],2009,Wanted,
Ishq Vishq (Remix),"['Kamaal Khan', 'Sunidhi Chauhan']",Wanted,http://www.youtube.com/watch?v=bJdFr9jYHNk&feature=plcp,['Sajid - Wajid'],2009,Wanted,
Dil Leke Dard-E-Dil De Gaye (Remix),"['Shaan', 'Shreya Ghoshal']",Wanted,https://www.youtube.com/watch?v=UrjbIq96pIs,['Sajid - Wajid'],2009,Wanted,
Jalwa On The House,['Wajid Khan'],Wanted,https://www.youtube.com/watch?v=-jkoJklGLXE,['Sajid - Wajid'],2009,Wanted,
Tose Pyar Karte Hain (Remix),"['Wajid Khan', 'Sunidhi Chauhan']",Wanted,https://www.youtube.com/watch?v=3ODpMCzIO5M,['Sajid - Wajid'],2009,Wanted,
Whats Your Rashee? Pal Pal Dil Jisko Dhoonde,['Sohail Sen'],What's Your Raashee?,https://www.youtube.com/watch?v=5jD593agneU,['Sohail Sen'],2009,What's Your Raashee?,
Jao Na,"['Sohail Sen', 'Tarannum Mallik']",What's Your Raashee?,https://www.youtube.com/watch?v=FJaGdL6_OSY,['Sohail Sen'],2009,What's Your Raashee?,
Aaja Lehrate,"['Shaan', 'Bhavya Pandit']",What's Your Raashee?,https://www.youtube.com/watch?v=OGVUvP8C6C4,['Sohail Sen'],2009,What's Your Raashee?,
Bikhri Bhikri,"['Sohail Sen', ""Marianne D'Cruz""]",What's Your Raashee?,http://www.youtube.com/watch?v=y33FD0HcPZU,['Sohail Sen'],2009,What's Your Raashee?,
Maanunga Maanunga,"['Ashutosh Gowariker', 'Pamela Jain']",What's Your Raashee?,https://www.youtube.com/watch?v=43Jc8oZKfXE,['Sohail Sen'],2009,What's Your Raashee?,
Sau Janam,"['Udit Narayan', 'Madhushree', 'Sohail Sen']",What's Your Raashee?,https://www.youtube.com/watch?v=kiahgBsh_Sw,['Sohail Sen'],2009,What's Your Raashee?,
Aa Le Chal,"['Aslesha Gowariker', 'Harman Baweja']",What's Your Raashee?,http://www.youtube.com/watch?v=eXHxQk1ay_Q,['Sohail Sen'],2009,What's Your Raashee?,
Pyaari Pyaari,"['Alka Yagnik', 'Sohail Sen']",What's Your Raashee?,https://www.youtube.com/watch?v=-YRZtj8shPM,['Sohail Sen'],2009,What's Your Raashee?,
Su Chhe,"['Sohail Sen', 'Bela Shende']",What's Your Raashee?,https://www.youtube.com/watch?v=nxfE-uHoNhI,['Sohail Sen'],2009,What's Your Raashee?,
Salone Kya,"['Sohail Sen', 'Tarannum Mallik']",What's Your Raashee?,https://www.youtube.com/watch?v=UuLkFzxKgF0,['Sohail Sen'],2009,What's Your Raashee?,
Dhadkan Dhadkan,"['Sohail Sen', 'Tarannum Mallik']",What's Your Raashee?,http://www.youtube.com/watch?v=pPP6VMVhWCY,['Sohail Sen'],2009,What's Your Raashee?,
Koi Jaane Na,"['Rajab Ali Bharti', 'Bela Shende']",What's Your Raashee?,https://www.youtube.com/watch?v=aFjhpseDYqA,['Sohail Sen'],2009,What's Your Raashee?,
Whats Your Rashee? Chehre Jo Dekhe Hain,['Sohail Sen'],What's Your Raashee?,https://www.youtube.com/watch?v=y2q4vsAktmc,['Sohail Sen'],2009,What's Your Raashee?,
Dil Gaaye Jaa,['Lucky Ali'],Xsuie,http://www.youtube.com/watch?v=fXixxBh0H3Q,['Lucky Ali'],2009,,
Khuda Haafiz,['Lucky Ali'],Xsuie,http://www.youtube.com/watch?v=gbMu8UTZJRw,['Lucky Ali'],2009,,
O Raahi,['Lucky Ali'],Xsuie,http://www.youtube.com/watch?v=QAXZMPPZrJg,['Lucky Ali'],2009,,
Rehne De,['Lucky Ali'],Xsuie,http://www.youtube.com/watch?v=Hp9d0Nx7RcI,['Lucky Ali'],2009,,
Sea Of Life,['Lucky Ali'],Xsuie,http://www.youtube.com/watch?v=Jx6JFw7Upws,['Lucky Ali'],2009,,
Aap Roothe Rahe,['Kavita Seth'],Y.M.I. Yeh Mera India,https://www.youtube.com/watch?v=WUVoJPplLng,['Kavita Seth'],2009,Y.M.I. Yeh Mera India,
Mujhe Zindagi Bhar Ka Gham,['Ram Shankar'],Yaar Bewafa,https://www.youtube.com/watch?v=bBMNzEjkQrM,['Ram Shankar'],2009,,
Zor Laga Ke Haiya,"['Kunal Ganjawala', 'Shweta Pandit']",Zor Lagaa Ke Haiya,https://www.youtube.com/watch?v=oyB9ThLUG6w,['Bapi - Tutul'],2009,Zor Lagaa Ke Haiya,
Koi Aaye Koi Jaye,"['Tanmay Chowdhury', 'Armaan Malik', 'Nilesh Singh']",Zor Lagaa Ke Haiya,https://www.youtube.com/watch?v=O0iWsrbRWjE,['Bapi - Tutul'],2009,Zor Lagaa Ke Haiya,
Satrangi Sapno Ki,"['Tanmay Chowdhury', 'Armaan Malik']",Zor Lagaa Ke Haiya,https://www.youtube.com/watch?v=6HTIK_7N2bE,['Bapi - Tutul'],2009,Zor Lagaa Ke Haiya,
Ehsaas Bejaan Hai Tooti Hai Dil Ki Lagi,['Shaan'],Zor Lagaa Ke Haiya,https://www.youtube.com/watch?v=7CEWxtIyNvA,['Bapi - Tutul'],2009,Zor Lagaa Ke Haiya,
Mairi Mairi Tu Hi Karuna Ka Sagar Hai,['Roop Kumar Rathod'],Zor Lagaa Ke Haiya,https://www.youtube.com/watch?v=SVjxe1her78,['Bapi - Tutul'],2009,Zor Lagaa Ke Haiya,
Zor Laga Ke Haiya - Remix,"['Kunal Ganjawala', 'Shweta Pandit']",Zor Lagaa Ke Haiya,https://www.youtube.com/watch?v=kKrutH6SISA,['Bapi - Tutul'],2009,Zor Lagaa Ke Haiya,
